{
  "run_name": "elpaso_H6_L24_P16_seed42_20260609_191051",
  "study_name": "resnet_lstm_elpaso_P16",
  "site": "elpaso",
  "device": "cuda",
  "seed": 42,
  "debug": false,
  "day_threshold": 20.0,
  "data_paths": {
    "site_dir": "/srv/projects/Proyecto_e_ladino/data/datasets/manifest_v1/elpaso/h1",
    "patches_root": "/srv/projects/Proyecto_e_ladino/data/patches_v1/elpaso/P16",
    "ground_path": "/srv/projects/Proyecto_e_ladino/data/ground_aligned/ground_10min_utc_elpaso.parquet",
    "run_dir": "runs/resnet_lstm_optuna_v2/elpaso_H6_L24_P16_seed42_20260609_191051"
  },
  "temporal": {
    "freq_min": 10,
    "history_steps_L": 24,
    "horizon_steps_H": 6,
    "history_hours": 4.0,
    "horizon_hours": 1.0
  },
  "spatial": {
    "grid_size": 256,
    "patch": 16,
    "site_center_rc": {
      "row": 91,
      "col": 53
    },
    "channels": 16
  },
  "target_norm": {
    "y_mean_train": 253.3309569286842,
    "y_std_train": 330.9109172989493,
    "y_percentiles_train": [
      0.0,
      42.4958,
      822.1867000000001,
      934.66228,
      1058.4838319999997
    ]
  },
  "baselines": {
    "persistence_train": {
      "n": 67769,
      "rmse": 151.52752842368395,
      "mae": 85.47757769629182,
      "n_day": 36929,
      "rmse_day": 202.8858811687818,
      "mae_day": 149.8020352839232,
      "day_threshold": 20.0
    },
    "persistence_val": {
      "n": 16980,
      "rmse": 161.44602724739167,
      "mae": 93.13768978798586,
      "n_day": 8355,
      "rmse_day": 228.16763051915703,
      "mae_day": 181.34662143626574,
      "day_threshold": 20.0
    },
    "persistence_test": {
      "n": 17459,
      "rmse": 146.5248386757287,
      "mae": 87.05203624491666,
      "n_day": 8757,
      "rmse_day": 204.44875164413472,
      "mae_day": 165.10202031517645,
      "day_threshold": 20.0
    }
  },
  "optuna": {
    "n_trials": 100,
    "best_trial_number": 94,
    "best_value_val_rmse_day": 245.21930826822347,
    "best_params": {
      "base": 16,
      "emb_dim": 128,
      "hidden_t": 256,
      "n_lstm_layers": 1,
      "dropout": 0.2,
      "lr": 0.000736987137790097,
      "weight_decay": 0.00015279404441590229,
      "l1_reg": 0.0,
      "batch_size": 16
    }
  },
  "best_model": {
    "arch": "SmallResNetEncoder + LayerNorm + LSTM + MLP head",
    "best_epoch": 8,
    "train_seconds_total": 3850.3388843536377,
    "n_params": 646369,
    "best_ckpt_path": "runs/resnet_lstm_optuna_v2/elpaso_H6_L24_P16_seed42_20260609_191051/best_model.pt",
    "final_val": {
      "n": 16974,
      "rmse": 209.20664011824346,
      "mae": 140.71232012482068,
      "n_day": 8355,
      "rmse_day": 255.27926354022432,
      "mae_day": 197.32627950288236,
      "day_threshold": 20.0,
      "skill_vs_persistence": -0.2958302145005065,
      "skill_day_vs_persistence": -0.1188233096841047
    },
    "final_test": {
      "n": 17429,
      "rmse": 188.09469579090106,
      "mae": 120.37727699277596,
      "n_day": 8757,
      "rmse_day": 237.28929825383784,
      "mae_day": 171.69294160705894,
      "day_threshold": 20.0,
      "skill_vs_persistence": -0.2837051894468796,
      "skill_day_vs_persistence": -0.16062972429816802
    }
  }
}