{
  "run_name": "elpaso_H36_L24_P16_seed13_20260504_051231",
  "study_name": "resnet_lstm_elpaso_P16",
  "site": "elpaso",
  "device": "cuda",
  "seed": 13,
  "debug": false,
  "day_threshold": 20.0,
  "data_paths": {
    "site_dir": "/srv/projects/Proyecto_e_ladino/data/datasets/manifest_v1/elpaso/h6",
    "patches_root": "/srv/projects/Proyecto_e_ladino/data/patches_v1/elpaso/P16",
    "ground_path": "/srv/projects/Proyecto_e_ladino/data/ground_aligned/ground_10min_utc_elpaso.parquet",
    "run_dir": "/srv/projects/Proyecto_e_ladino/runs/resnet_lstm_optuna/elpaso_H36_L24_P16_seed13_20260504_051231"
  },
  "temporal": {
    "freq_min": 10,
    "history_steps_L": 24,
    "horizon_steps_H": 36,
    "history_hours": 4.0,
    "horizon_hours": 6.0
  },
  "spatial": {
    "grid_size": 256,
    "patch": 16,
    "site_center_rc": {
      "row": 91,
      "col": 53
    },
    "channels": 16
  },
  "target_norm": {
    "y_mean_train": 261.92635188591504,
    "y_std_train": 334.4136966237947,
    "y_percentiles_train": [
      0.0,
      54.8177,
      832.6579800000001,
      940.6390899999999,
      1061.0064279999995
    ]
  },
  "baselines": {
    "persistence_train": {
      "n": 67739,
      "rmse": 478.02554452757306,
      "mae": 335.90022509484936,
      "n_day": 37595,
      "rmse_day": 529.8506724188508,
      "mae_day": 419.28558613911423,
      "day_threshold": 20.0
    },
    "persistence_val": {
      "n": 16974,
      "rmse": 508.34324726745825,
      "mae": 371.86558640862495,
      "n_day": 8544,
      "rmse_day": 579.1280983328007,
      "mae_day": 491.96823967696616,
      "day_threshold": 20.0
    },
    "persistence_test": {
      "n": 17429,
      "rmse": 494.54338746068777,
      "mae": 365.92797373343285,
      "n_day": 9035,
      "rmse_day": 565.3265559462145,
      "mae_day": 483.2841778085223,
      "day_threshold": 20.0
    }
  },
  "optuna": {
    "n_trials": 20,
    "best_trial_number": 17,
    "best_value_val_rmse_day": 211.66100721755998,
    "best_params": {
      "base": 16,
      "emb_dim": 64,
      "hidden_t": 192,
      "dropout": 0.1,
      "lr": 0.0012277122116347017,
      "weight_decay": 1.2247931866793799e-05,
      "batch_size": 16
    }
  },
  "best_model": {
    "arch": "SmallResNetEncoder + LayerNorm + LSTM + MLP head",
    "best_epoch": 8,
    "train_seconds_total": 3636.2578225135803,
    "n_params": 416161,
    "best_ckpt_path": "/srv/projects/Proyecto_e_ladino/runs/resnet_lstm_optuna/elpaso_H36_L24_P16_seed13_20260504_051231/best_model.pt",
    "final_val": {
      "n": 16974,
      "rmse": 158.92058340974927,
      "mae": 111.88704653529012,
      "n_day": 8544,
      "rmse_day": 212.6742991555562,
      "mae_day": 166.82269546601657,
      "day_threshold": 20.0,
      "skill_vs_persistence": 0.687375441172852,
      "skill_day_vs_persistence": 0.6327681219961446
    },
    "final_test": {
      "n": 17429,
      "rmse": 153.9809072893606,
      "mae": 107.83065947269407,
      "n_day": 9035,
      "rmse_day": 207.14782291156743,
      "mae_day": 159.5481961122058,
      "day_threshold": 20.0,
      "skill_vs_persistence": 0.6886402463492639,
      "skill_day_vs_persistence": 0.6335784676436194
    }
  }
}