{
  "run_name": "uniandes_H6_L24_P16_seed100_20260421_232100",
  "site": "uniandes",
  "device": "cuda",
  "seed": 100,
  "debug": false,
  "data_paths": {
    "site_dir": "/srv/projects/Proyecto_e_ladino/data/datasets/manifest_v1/uniandes/h1",
    "patches_root": "/srv/projects/Proyecto_e_ladino/data/patches_v1/uniandes/P16",
    "ground_path": "/srv/projects/Proyecto_e_ladino/data/ground_aligned/ground_10min_utc_uniandes.parquet",
    "run_dir": "/srv/projects/Proyecto_e_ladino/runs/resnet_lstm/uniandes_H6_L24_P16_seed100_20260421_232100"
  },
  "temporal": {
    "freq_min": 10,
    "history_steps_L": 24,
    "horizon_steps_H": 6,
    "history_hours": 4.0,
    "horizon_hours": 1.0
  },
  "spatial": {
    "grid_size": 256,
    "patch": 16,
    "site_center_rc": {
      "row": 160,
      "col": 49
    },
    "channels": 16
  },
  "target_norm": {
    "y_mean_train": 175.7477949503099,
    "y_std_train": 280.2327654100579,
    "y_percentiles_train": [
      0.0,
      1.198,
      614.6748000000006,
      847.1319999999984,
      1089.9805399999989
    ]
  },
  "baselines": {
    "persistence_train": {
      "n": 54530,
      "rmse": 186.8767751992772,
      "mae": 96.77239943150559,
      "n_day": 24695,
      "rmse_day": 274.0422963905876,
      "mae_day": 202.98731447661473,
      "day_threshold": 20.0
    },
    "persistence_val": {
      "n": 12436,
      "rmse": 186.78888879318058,
      "mae": 93.81208748793826,
      "n_day": 5322,
      "rmse_day": 282.470628754978,
      "mae_day": 208.5904742577978,
      "day_threshold": 20.0
    },
    "persistence_test": {
      "n": 12105,
      "rmse": 198.87371393559732,
      "mae": 98.8389893432466,
      "n_day": 5385,
      "rmse_day": 293.87888224007196,
      "mae_day": 210.81610547818016,
      "day_threshold": 20.0
    }
  },
  "model": {
    "arch": "SmallResNetEncoder + LayerNorm + LSTM + MLP head",
    "base": 32,
    "emb_dim": 128,
    "hidden_t": 128,
    "dropout": 0.1,
    "optimizer": "AdamW",
    "lr_init": 0.002,
    "weight_decay": 0.0001,
    "batch_size": 16,
    "num_workers": 4,
    "use_amp": true,
    "grad_clip_norm": 1.0,
    "epochs_max": 30,
    "patience": 8,
    "day_threshold": 20.0,
    "best_epoch": 9,
    "best_val_rmse_day": 249.4351440082519,
    "train_seconds_total": 2783.6069729328156,
    "n_params": 864577,
    "best_ckpt_path": "/srv/projects/Proyecto_e_ladino/runs/resnet_lstm/uniandes_H6_L24_P16_seed100_20260421_232100/best_model.pt",
    "final_val": {
      "n": 12407,
      "rmse": 165.75045281601436,
      "mae": 87.9845686969648,
      "n_day": 5304,
      "rmse_day": 249.4351440082519,
      "mae_day": 193.94194632741662,
      "day_threshold": 20.0,
      "skill_vs_persistence": 0.1126321598307789,
      "skill_day_vs_persistence": 0.11695192839104984
    },
    "final_test": {
      "n": 12075,
      "rmse": 171.7024596007576,
      "mae": 95.19836986281116,
      "n_day": 5363,
      "rmse_day": 254.0207427022446,
      "mae_day": 203.56079404860452,
      "day_threshold": 20.0,
      "skill_vs_persistence": 0.13662566961282596,
      "skill_day_vs_persistence": 0.13562777711012186
    }
  },
  "training_log": [
    {
      "epoch": 1,
      "train_mse_norm": 0.4572777960871095,
      "val_rmse_phys": 291.9664028154218,
      "val_mae_phys": 152.05726317117222,
      "val_rmse_day_phys": 446.2324627642645,
      "val_mae_day_phys": 344.3347991221271,
      "lr": 0.002,
      "epoch_seconds": 163.73943543434143
    },
    {
      "epoch": 2,
      "train_mse_norm": 0.3920738745770071,
      "val_rmse_phys": 255.8478022266907,
      "val_mae_phys": 221.41182879751327,
      "val_rmse_day_phys": 274.5508510294416,
      "val_mae_day_phys": 237.79203652975966,
      "lr": 0.002,
      "epoch_seconds": 163.59390664100647
    },
    {
      "epoch": 3,
      "train_mse_norm": 0.37767459441624973,
      "val_rmse_phys": 382.7001091199708,
      "val_mae_phys": 354.0365887356965,
      "val_rmse_day_phys": 302.16666511198184,
      "val_mae_day_phys": 264.1737319031452,
      "lr": 0.002,
      "epoch_seconds": 163.56773209571838
    },
    {
      "epoch": 4,
      "train_mse_norm": 0.3622075015232208,
      "val_rmse_phys": 168.95977064295406,
      "val_mae_phys": 93.3457051118279,
      "val_rmse_day_phys": 252.56000047950155,
      "val_mae_day_phys": 201.1004630846855,
      "lr": 0.002,
      "epoch_seconds": 163.68208241462708
    },
    {
      "epoch": 5,
      "train_mse_norm": 0.3534081531832125,
      "val_rmse_phys": 248.77447510430423,
      "val_mae_phys": 139.12534522349208,
      "val_rmse_day_phys": 378.35658878016255,
      "val_mae_day_phys": 290.3258823607662,
      "lr": 0.002,
      "epoch_seconds": 163.458393573761
    },
    {
      "epoch": 6,
      "train_mse_norm": 0.34805090131997707,
      "val_rmse_phys": 340.6051103659467,
      "val_mae_phys": 314.66529647447123,
      "val_rmse_day_phys": 284.9894132726983,
      "val_mae_day_phys": 239.33523142715384,
      "lr": 0.002,
      "epoch_seconds": 163.80622911453247
    },
    {
      "epoch": 7,
      "train_mse_norm": 0.3455102327240098,
      "val_rmse_phys": 299.22987556817793,
      "val_mae_phys": 159.65154473526198,
      "val_rmse_day_phys": 457.3708580607439,
      "val_mae_day_phys": 358.64217518105943,
      "lr": 0.002,
      "epoch_seconds": 163.88551592826843
    },
    {
      "epoch": 8,
      "train_mse_norm": 0.34132997611569293,
      "val_rmse_phys": 203.4697605415108,
      "val_mae_phys": 107.6585418893029,
      "val_rmse_day_phys": 308.89012276836286,
      "val_mae_day_phys": 237.66110213669538,
      "lr": 0.001,
      "epoch_seconds": 163.9052538871765
    },
    {
      "epoch": 9,
      "train_mse_norm": 0.32984438717651826,
      "val_rmse_phys": 165.75045281601436,
      "val_mae_phys": 87.9845686969648,
      "val_rmse_day_phys": 249.4351440082519,
      "val_mae_day_phys": 193.94194632741662,
      "lr": 0.001,
      "epoch_seconds": 163.67829012870789
    },
    {
      "epoch": 10,
      "train_mse_norm": 0.3287968966538164,
      "val_rmse_phys": 250.14152208648372,
      "val_mae_phys": 130.09928715837236,
      "val_rmse_day_phys": 381.46789698610377,
      "val_mae_day_phys": 285.8642335851448,
      "lr": 0.001,
      "epoch_seconds": 164.36891627311707
    },
    {
      "epoch": 11,
      "train_mse_norm": 0.32827329653037984,
      "val_rmse_phys": 173.10253444093425,
      "val_mae_phys": 106.54385068636239,
      "val_rmse_day_phys": 253.59158160792674,
      "val_mae_day_phys": 204.15487937725868,
      "lr": 0.001,
      "epoch_seconds": 163.6847689151764
    },
    {
      "epoch": 12,
      "train_mse_norm": 0.3252457878551694,
      "val_rmse_phys": 217.47730987991653,
      "val_mae_phys": 116.9421497221063,
      "val_rmse_day_phys": 330.9404719010556,
      "val_mae_day_phys": 254.66794545905802,
      "lr": 0.001,
      "epoch_seconds": 163.65603113174438
    },
    {
      "epoch": 13,
      "train_mse_norm": 0.32338801018824814,
      "val_rmse_phys": 194.36241473512078,
      "val_mae_phys": 106.68637041055177,
      "val_rmse_day_phys": 294.73966021622635,
      "val_mae_day_phys": 228.0117513806212,
      "lr": 0.0005,
      "epoch_seconds": 163.3231701850891
    },
    {
      "epoch": 14,
      "train_mse_norm": 0.3176863162876208,
      "val_rmse_phys": 280.6220181421313,
      "val_mae_phys": 148.39216884952168,
      "val_rmse_day_phys": 428.42966416058886,
      "val_mae_day_phys": 331.6857666588117,
      "lr": 0.0005,
      "epoch_seconds": 163.64452695846558
    },
    {
      "epoch": 15,
      "train_mse_norm": 0.31651262336364644,
      "val_rmse_phys": 245.36204209460166,
      "val_mae_phys": 207.43356162192907,
      "val_rmse_day_phys": 276.9487976916732,
      "val_mae_day_phys": 235.79982799426463,
      "lr": 0.0005,
      "epoch_seconds": 164.0206596851349
    },
    {
      "epoch": 16,
      "train_mse_norm": 0.3157620694092078,
      "val_rmse_phys": 168.60796666346155,