{
  "run_name": "elpaso_H36_L24_P16_seed100_20260423_021229",
  "site": "elpaso",
  "device": "cuda",
  "seed": 100,
  "debug": false,
  "data_paths": {
    "site_dir": "/srv/projects/Proyecto_e_ladino/data/datasets/manifest_v1/elpaso/h6",
    "patches_root": "/srv/projects/Proyecto_e_ladino/data/patches_v1/elpaso/P16",
    "ground_path": "/srv/projects/Proyecto_e_ladino/data/ground_aligned/ground_10min_utc_elpaso.parquet",
    "run_dir": "/srv/projects/Proyecto_e_ladino/runs/resnet_lstm/elpaso_H36_L24_P16_seed100_20260423_021229"
  },
  "temporal": {
    "freq_min": 10,
    "history_steps_L": 24,
    "horizon_steps_H": 36,
    "history_hours": 4.0,
    "horizon_hours": 6.0
  },
  "spatial": {
    "grid_size": 256,
    "patch": 16,
    "site_center_rc": {
      "row": 91,
      "col": 53
    },
    "channels": 16
  },
  "target_norm": {
    "y_mean_train": 261.92635188591504,
    "y_std_train": 334.4136966237947,
    "y_percentiles_train": [
      0.0,
      54.8177,
      832.6579800000001,
      940.6390899999999,
      1061.0064279999995
    ]
  },
  "baselines": {
    "persistence_train": {
      "n": 67739,
      "rmse": 478.02554452757306,
      "mae": 335.90022509484936,
      "n_day": 37595,
      "rmse_day": 529.8506724188508,
      "mae_day": 419.28558613911423,
      "day_threshold": 20.0
    },
    "persistence_val": {
      "n": 16974,
      "rmse": 508.34324726745825,
      "mae": 371.86558640862495,
      "n_day": 8544,
      "rmse_day": 579.1280983328007,
      "mae_day": 491.96823967696616,
      "day_threshold": 20.0
    },
    "persistence_test": {
      "n": 17429,
      "rmse": 494.54338746068777,
      "mae": 365.92797373343285,
      "n_day": 9035,
      "rmse_day": 565.3265559462145,
      "mae_day": 483.2841778085223,
      "day_threshold": 20.0
    }
  },
  "model": {
    "arch": "SmallResNetEncoder + LayerNorm + LSTM + MLP head",
    "base": 32,
    "emb_dim": 128,
    "hidden_t": 128,
    "dropout": 0.1,
    "optimizer": "AdamW",
    "lr_init": 0.002,
    "weight_decay": 0.0001,
    "batch_size": 16,
    "num_workers": 4,
    "use_amp": true,
    "grad_clip_norm": 1.0,
    "epochs_max": 30,
    "patience": 8,
    "day_threshold": 20.0,
    "best_epoch": 27,
    "best_val_rmse_day": 216.96206349884002,
    "train_seconds_total": 6326.156684875488,
    "n_params": 864577,
    "best_ckpt_path": "/srv/projects/Proyecto_e_ladino/runs/resnet_lstm/elpaso_H36_L24_P16_seed100_20260423_021229/best_model.pt",
    "final_val": {
      "n": 16974,
      "rmse": 164.5770892648226,
      "mae": 114.9111985177051,
      "n_day": 8544,
      "rmse_day": 216.96206349884002,
      "mae_day": 173.02394398499965,
      "day_threshold": 20.0,
      "skill_vs_persistence": 0.6762481056855032,
      "skill_day_vs_persistence": 0.6253642948366138
    },
    "final_test": {
      "n": 17429,
      "rmse": 165.12758623371684,
      "mae": 108.91129072332582,
      "n_day": 9035,
      "rmse_day": 222.2896960290223,
      "mae_day": 166.99191289077362,
      "day_threshold": 20.0,
      "skill_vs_persistence": 0.6661009116276115,
      "skill_day_vs_persistence": 0.6067941728706432
    }
  },
  "training_log": [
    {
      "epoch": 1,
      "train_mse_norm": 0.5503075962660092,
      "val_rmse_phys": 398.3618637707454,
      "val_mae_phys": 249.44499689908756,
      "val_rmse_day_phys": 560.4348047877709,
      "val_mae_day_phys": 462.09695998916914,
      "lr": 0.002,
      "epoch_seconds": 210.768479347229
    },
    {
      "epoch": 2,
      "train_mse_norm": 0.4438016610919556,
      "val_rmse_phys": 414.6014794854077,
      "val_mae_phys": 249.36292891077065,
      "val_rmse_day_phys": 584.3446734646459,
      "val_mae_day_phys": 489.77308947138124,
      "lr": 0.002,
      "epoch_seconds": 210.70689630508423
    },
    {
      "epoch": 3,
      "train_mse_norm": 0.42158209428060966,
      "val_rmse_phys": 479.97284095074434,
      "val_mae_phys": 395.7319471490275,
      "val_rmse_day_phys": 394.72557652252215,
      "val_mae_day_phys": 324.5134965721588,
      "lr": 0.002,
      "epoch_seconds": 210.7589626312256
    },
    {
      "epoch": 4,
      "train_mse_norm": 0.4034772713795783,
      "val_rmse_phys": 396.4527586560414,
      "val_mae_phys": 249.20776081231284,
      "val_rmse_day_phys": 557.586093516164,
      "val_mae_day_phys": 458.87016418542754,
      "lr": 0.002,
      "epoch_seconds": 210.84526991844177
    },
    {
      "epoch": 5,
      "train_mse_norm": 0.39158493514671167,
      "val_rmse_phys": 374.37007424100716,
      "val_mae_phys": 240.6148357461026,
      "val_rmse_day_phys": 524.6314733327038,
      "val_mae_day_phys": 424.9792660363158,
      "lr": 0.002,
      "epoch_seconds": 211.09296703338623
    },
    {
      "epoch": 6,
      "train_mse_norm": 0.38532890122908225,
      "val_rmse_phys": 201.05694717664966,
      "val_mae_phys": 138.5756106322149,
      "val_rmse_day_phys": 273.1936717665226,
      "val_mae_day_phys": 213.02523823355915,
      "lr": 0.002,
      "epoch_seconds": 210.76485657691956
    },
    {
      "epoch": 7,
      "train_mse_norm": 0.3798731340763648,
      "val_rmse_phys": 342.0839907387659,
      "val_mae_phys": 253.8593470579156,
      "val_rmse_day_phys": 317.3586772998493,
      "val_mae_day_phys": 264.28248038274074,
      "lr": 0.002,
      "epoch_seconds": 210.85361671447754
    },
    {
      "epoch": 8,
      "train_mse_norm": 0.3762465182416419,
      "val_rmse_phys": 168.18057916094256,
      "val_mae_phys": 100.5477249524865,
      "val_rmse_day_phys": 232.21891293179795,
      "val_mae_day_phys": 184.01735035221228,
      "lr": 0.002,
      "epoch_seconds": 211.17570686340332
    },
    {
      "epoch": 9,
      "train_mse_norm": 0.3718050264140365,
      "val_rmse_phys": 210.57489946348588,
      "val_mae_phys": 137.80190581843894,
      "val_rmse_day_phys": 282.4788567231573,
      "val_mae_day_phys": 218.38025468119073,
      "lr": 0.002,
      "epoch_seconds": 211.325603723526
    },
    {
      "epoch": 10,
      "train_mse_norm": 0.36992071348871114,
      "val_rmse_phys": 182.04507135814697,
      "val_mae_phys": 116.09614761476594,
      "val_rmse_day_phys": 248.53858957530474,
      "val_mae_day_phys": 197.64394698518046,
      "lr": 0.002,
      "epoch_seconds": 210.8205966949463
    },
    {
      "epoch": 11,
      "train_mse_norm": 0.36846491866197345,
      "val_rmse_phys": 359.9197676836706,
      "val_mae_phys": 231.12957192208918,
      "val_rmse_day_phys": 503.8316874321986,
      "val_mae_day_phys": 401.74656346496124,
      "lr": 0.002,
      "epoch_seconds": 210.43064427375793
    },
    {
      "epoch": 12,
      "train_mse_norm": 0.36691776384658015,
      "val_rmse_phys": 164.27775797796875,
      "val_mae_phys": 112.5453248098712,
      "val_rmse_day_phys": 220.77243872970678,
      "val_mae_day_phys": 174.35787802064016,
      "lr": 0.002,
      "epoch_seconds": 211.70936179161072
    },
    {
      "epoch": 13,
      "train_mse_norm": 0.3653439819693115,
      "val_rmse_phys": 369.1669913441687,
      "val_mae_phys": 255.6809115813817,
      "val_rmse_day_phys": 511.6809244158778,
      "val_mae_day_phys": 414.11338056428605,
      "lr": 0.002,
      "epoch_seconds": 210.9285352230072
    },
    {
      "epoch": 14,
      "train_mse_norm": 0.36413155240897593,
      "val_rmse_phys": 396.7539301454535,
      "val_mae_phys": 241.50830693187064,
      "val_rmse_day_phys": 558.8446018654153,
      "val_mae_day_phys": 460.3942882291387,
      "lr": 0.002,
      "epoch_seconds": 210.7999234199524
    },
    {
      "epoch": 15,
      "train_mse_norm": 0.3598604721303573,
      "val_rmse_phys": 194.25814710101128,
      "val_mae_phys": 126.25204999952248,
      "val_rmse_day_phys": 262.1851594170136,
      "val_mae_day_phys": 202.52475575829266,
      "lr": 0.002,
      "epoch_seconds": 210.5019371509552
    },
    {
      "epoch": 16,
      "train_mse_norm": 0.3559186918138367,
      "val_rmse_phys": 345.6141608767373,