{
  "run_name": "elpaso_H6_L24_P16_seed7_20260516_180025",
  "study_name": "mlp_elpaso_P16",
  "site": "elpaso",
  "device": "cuda",
  "seed": 7,
  "debug": false,
  "day_threshold": 20.0,
  "data_paths": {
    "site_dir": "/srv/projects/Proyecto_e_ladino/data/datasets/manifest_v1/elpaso/h1",
    "patches_root": "/srv/projects/Proyecto_e_ladino/data/patches_v1/elpaso/P16",
    "ground_path": "/srv/projects/Proyecto_e_ladino/data/ground_aligned/ground_10min_utc_elpaso.parquet",
    "run_dir": "/srv/projects/Proyecto_e_ladino/runs/mlp_optuna/elpaso_H6_L24_P16_seed7_20260516_180025"
  },
  "temporal": {
    "freq_min": 10,
    "history_steps_L": 24,
    "horizon_steps_H": 6,
    "history_hours": 4.0,
    "horizon_hours": 1.0
  },
  "spatial": {
    "grid_size": 256,
    "patch": 16,
    "channels": 16,
    "mlp_input_dim": 384,
    "note": "spatial avg-pool over P\u00d7P before MLP; no spatial structure exploited"
  },
  "target_norm": {
    "y_mean_train": 253.3309569286842,
    "y_std_train": 330.9109172989493,
    "y_percentiles_train": [
      0.0,
      42.4958,
      822.1867000000001,
      934.66228,
      1058.4838319999997
    ]
  },
  "baselines": {
    "persistence_train": {
      "n": 67769,
      "rmse": 151.52752842368395,
      "mae": 85.47757769629182,
      "n_day": 36929,
      "rmse_day": 202.8858811687818,
      "mae_day": 149.8020352839232,
      "day_threshold": 20.0
    },
    "persistence_val": {
      "n": 16980,
      "rmse": 161.44602724739167,
      "mae": 93.13768978798586,
      "n_day": 8355,
      "rmse_day": 228.16763051915703,
      "mae_day": 181.34662143626574,
      "day_threshold": 20.0
    },
    "persistence_test": {
      "n": 17459,
      "rmse": 146.5248386757287,
      "mae": 87.05203624491666,
      "n_day": 8757,
      "rmse_day": 204.44875164413472,
      "mae_day": 165.10202031517645,
      "day_threshold": 20.0
    }
  },
  "optuna": {
    "n_trials": 50,
    "best_trial_number": 16,
    "best_value_val_rmse_day": 274.5235959777753,
    "best_params": {
      "n_layers": 4,
      "hidden_dim": 128,
      "dropout": 0.0,
      "lr": 0.0006318863499480494,
      "weight_decay": 4.307454981648979e-05,
      "batch_size": 64
    }
  },
  "best_model": {
    "arch": "FlatMLP",
    "best_epoch": 6,
    "train_seconds_total": 3887.133713245392,
    "n_params": 99969,
    "best_ckpt_path": "/srv/projects/Proyecto_e_ladino/runs/mlp_optuna/elpaso_H6_L24_P16_seed7_20260516_180025/best_model.pt",
    "final_val": {
      "n": 16974,
      "rmse": 296.8619608628142,
      "mae": 231.28710908868422,
      "n_day": 8355,
      "rmse_day": 288.0719989894881,
      "mae_day": 243.83073037294199,
      "day_threshold": 20.0,
      "skill_vs_persistence": -0.8387690668158483,
      "skill_day_vs_persistence": -0.26254542913921464
    },
    "final_test": {
      "n": 17429,
      "rmse": 327.5565404829581,
      "mae": 268.67998379969924,
      "n_day": 8757,
      "rmse_day": 289.2994643679154,
      "mae_day": 251.36354903678202,
      "day_threshold": 20.0,
      "skill_vs_persistence": -1.2355017991718453,
      "skill_day_vs_persistence": -0.41502191645303443
    }
  }
}