{
  "run_name": "uniandes_H6_L24_P16_seed42_20260513_060558",
  "study_name": "mlp_uniandes_P16",
  "site": "uniandes",
  "device": "cuda",
  "seed": 42,
  "debug": false,
  "day_threshold": 20.0,
  "data_paths": {
    "site_dir": "/srv/projects/Proyecto_e_ladino/data/datasets/manifest_v1/uniandes/h1",
    "patches_root": "/srv/projects/Proyecto_e_ladino/data/patches_v1/uniandes/P16",
    "ground_path": "/srv/projects/Proyecto_e_ladino/data/ground_aligned/ground_10min_utc_uniandes.parquet",
    "run_dir": "/srv/projects/Proyecto_e_ladino/runs/mlp_optuna/uniandes_H6_L24_P16_seed42_20260513_060558"
  },
  "temporal": {
    "freq_min": 10,
    "history_steps_L": 24,
    "horizon_steps_H": 6,
    "history_hours": 4.0,
    "horizon_hours": 1.0
  },
  "spatial": {
    "grid_size": 256,
    "patch": 16,
    "channels": 16,
    "mlp_input_dim": 384,
    "note": "spatial avg-pool over P\u00d7P before MLP; no spatial structure exploited"
  },
  "target_norm": {
    "y_mean_train": 175.7477949503099,
    "y_std_train": 280.2327654100579,
    "y_percentiles_train": [
      0.0,
      1.198,
      614.6748000000006,
      847.1319999999984,
      1089.9805399999989
    ]
  },
  "baselines": {
    "persistence_train": {
      "n": 54530,
      "rmse": 186.8767751992772,
      "mae": 96.77239943150559,
      "n_day": 24695,
      "rmse_day": 274.0422963905876,
      "mae_day": 202.98731447661473,
      "day_threshold": 20.0
    },
    "persistence_val": {
      "n": 12436,
      "rmse": 186.78888879318058,
      "mae": 93.81208748793826,
      "n_day": 5322,
      "rmse_day": 282.470628754978,
      "mae_day": 208.5904742577978,
      "day_threshold": 20.0
    },
    "persistence_test": {
      "n": 12105,
      "rmse": 198.87371393559732,
      "mae": 98.8389893432466,
      "n_day": 5385,
      "rmse_day": 293.87888224007196,
      "mae_day": 210.81610547818016,
      "day_threshold": 20.0
    }
  },
  "optuna": {
    "n_trials": 50,
    "best_trial_number": 20,
    "best_value_val_rmse_day": 250.88064741950922,
    "best_params": {
      "n_layers": 1,
      "hidden_dim": 64,
      "dropout": 0.2,
      "lr": 0.0004947571013105487,
      "weight_decay": 0.00037632647272020387,
      "batch_size": 64
    }
  },
  "best_model": {
    "arch": "FlatMLP",
    "best_epoch": 17,
    "train_seconds_total": 5002.821949005127,
    "n_params": 24833,
    "best_ckpt_path": "/srv/projects/Proyecto_e_ladino/runs/mlp_optuna/uniandes_H6_L24_P16_seed42_20260513_060558/best_model.pt",
    "final_val": {
      "n": 12407,
      "rmse": 180.39951387419188,
      "mae": 129.47677365104187,
      "n_day": 5304,
      "rmse_day": 254.41442088133277,
      "mae_day": 204.30252091593331,
      "day_threshold": 20.0,
      "skill_vs_persistence": 0.03420639718063856,
      "skill_day_vs_persistence": 0.09932433682506081
    },
    "final_test": {
      "n": 12075,
      "rmse": 189.5419817694961,
      "mae": 135.77505950422267,
      "n_day": 5363,
      "rmse_day": 267.7111366765781,
      "mae_day": 219.53666104457727,
      "day_threshold": 20.0,
      "skill_vs_persistence": 0.04692290389429821,
      "skill_day_vs_persistence": 0.08904261974876482
    }
  }
}