{
  "run_name": "uniandes_H36_L24_P16_seed1_20260706_164421",
  "study_name": "resnet_lstm_uniandes_P16",
  "site": "uniandes",
  "device": "cuda",
  "seed": 1,
  "debug": false,
  "day_threshold": 20.0,
  "data_paths": {
    "site_dir": "/srv/projects/Proyecto_e_ladino/data/datasets/manifest_v1/uniandes/h6",
    "patches_root": "/srv/projects/Proyecto_e_ladino/data/patches_v1/uniandes/P16",
    "ground_path": "/srv/projects/Proyecto_e_ladino/data/ground_aligned/ground_10min_utc_uniandes.parquet",
    "run_dir": "runs/resnet_lstm_optuna_v2/uniandes_H36_L24_P16_seed1_20260706_164421"
  },
  "temporal": {
    "freq_min": 10,
    "history_steps_L": 24,
    "horizon_steps_H": 36,
    "history_hours": 4.0,
    "horizon_hours": 6.0
  },
  "spatial": {
    "grid_size": 256,
    "patch": 16,
    "site_center_rc": {
      "row": 160,
      "col": 49
    },
    "channels": 16
  },
  "target_norm": {
    "y_mean_train": 180.78839786820285,
    "y_std_train": 283.1064661153594,
    "y_percentiles_train": [
      0.0,
      2.202,
      628.0594000000003,
      858.5459999999997,
      1088.74274
    ]
  },
  "baselines": {
    "persistence_train": {
      "n": 54470,
      "rmse": 419.8303181060779,
      "mae": 281.04479528180656,
      "n_day": 25215,
      "rmse_day": 498.6695422994848,
      "mae_day": 398.23299048185606,
      "day_threshold": 20.0
    },
    "persistence_val": {
      "n": 12406,
      "rmse": 378.32913327097435,
      "mae": 247.05014589714656,
      "n_day": 5467,
      "rmse_day": 462.17602240706213,
      "mae_day": 370.62950722516916,
      "day_threshold": 20.0
    },
    "persistence_test": {
      "n": 12075,
      "rmse": 389.517844176586,
      "mae": 250.79533714285714,
      "n_day": 5465,
      "rmse_day": 470.92567245567665,
      "mae_day": 369.5877123513266,
      "day_threshold": 20.0
    }
  },
  "optuna": {
    "n_trials": 100,
    "best_trial_number": 8,
    "best_value_val_rmse_day": 271.4518007101258,
    "best_params": {
      "base": 24,
      "emb_dim": 128,
      "hidden_t": 192,
      "n_lstm_layers": 2,
      "dropout": 0.1,
      "lr": 0.0008258534604287023,
      "weight_decay": 0.0007491284266039165,
      "l1_reg": 0.0,
      "batch_size": 16
    }
  },
  "best_model": {
    "arch": "SmallResNetEncoder + LayerNorm + LSTM + MLP head",
    "best_epoch": 5,
    "train_seconds_total": 2755.182149410248,
    "n_params": 988177,
    "best_ckpt_path": "runs/resnet_lstm_optuna_v2/uniandes_H36_L24_P16_seed1_20260706_164421/best_model.pt",
    "final_val": {
      "n": 12407,
      "rmse": 224.1571690881941,
      "mae": 155.63077840207805,
      "n_day": 5468,
      "rmse_day": 290.947274582873,
      "mae_day": 225.81459743748115,
      "day_threshold": 20.0,
      "skill_vs_persistence": 0.4075075129684944,
      "skill_day_vs_persistence": 0.3704838406207491
    },
    "final_test": {
      "n": 12075,
      "rmse": 230.8774981877627,
      "mae": 162.37431686748874,
      "n_day": 5465,
      "rmse_day": 291.29803930000514,
      "mae_day": 229.55956138199005,
      "day_threshold": 20.0,
      "skill_vs_persistence": 0.407273629078993,
      "skill_day_vs_persistence": 0.3814352108242275
    }
  }
}