{
  "run_name": "uniandes_H6_L24_P16_seed7_20260612_211252",
  "study_name": "resnet_lstm_uniandes_P16",
  "site": "uniandes",
  "device": "cuda",
  "seed": 7,
  "debug": false,
  "day_threshold": 20.0,
  "data_paths": {
    "site_dir": "/srv/projects/Proyecto_e_ladino/data/datasets/manifest_v1/uniandes/h1",
    "patches_root": "/srv/projects/Proyecto_e_ladino/data/patches_v1/uniandes/P16",
    "ground_path": "/srv/projects/Proyecto_e_ladino/data/ground_aligned/ground_10min_utc_uniandes.parquet",
    "run_dir": "runs/resnet_lstm_optuna_v2/uniandes_H6_L24_P16_seed7_20260612_211252"
  },
  "temporal": {
    "freq_min": 10,
    "history_steps_L": 24,
    "horizon_steps_H": 6,
    "history_hours": 4.0,
    "horizon_hours": 1.0
  },
  "spatial": {
    "grid_size": 256,
    "patch": 16,
    "site_center_rc": {
      "row": 160,
      "col": 49
    },
    "channels": 16
  },
  "target_norm": {
    "y_mean_train": 175.7477949503099,
    "y_std_train": 280.2327654100579,
    "y_percentiles_train": [
      0.0,
      1.198,
      614.6748000000006,
      847.1319999999984,
      1089.9805399999989
    ]
  },
  "baselines": {
    "persistence_train": {
      "n": 54530,
      "rmse": 186.8767751992772,
      "mae": 96.77239943150559,
      "n_day": 24695,
      "rmse_day": 274.0422963905876,
      "mae_day": 202.98731447661473,
      "day_threshold": 20.0
    },
    "persistence_val": {
      "n": 12436,
      "rmse": 186.78888879318058,
      "mae": 93.81208748793826,
      "n_day": 5322,
      "rmse_day": 282.470628754978,
      "mae_day": 208.5904742577978,
      "day_threshold": 20.0
    },
    "persistence_test": {
      "n": 12105,
      "rmse": 198.87371393559732,
      "mae": 98.8389893432466,
      "n_day": 5385,
      "rmse_day": 293.87888224007196,
      "mae_day": 210.81610547818016,
      "day_threshold": 20.0
    }
  },
  "optuna": {
    "n_trials": 100,
    "best_trial_number": 85,
    "best_value_val_rmse_day": 239.47430837903005,
    "best_params": {
      "base": 48,
      "emb_dim": 64,
      "hidden_t": 128,
      "n_lstm_layers": 1,
      "dropout": 0.0,
      "lr": 0.001868596107752129,
      "weight_decay": 6.242549414153393e-06,
      "l1_reg": 0.0001,
      "batch_size": 16
    }
  },
  "best_model": {
    "arch": "SmallResNetEncoder + LayerNorm + LSTM + MLP head",
    "best_epoch": 24,
    "train_seconds_total": 5524.630232334137,
    "n_params": 1696225,
    "best_ckpt_path": "runs/resnet_lstm_optuna_v2/uniandes_H6_L24_P16_seed7_20260612_211252/best_model.pt",
    "final_val": {
      "n": 12407,
      "rmse": 208.27130935244764,
      "mae": 167.17514553701906,
      "n_day": 5304,
      "rmse_day": 246.24316460598402,
      "mae_day": 196.14833158749082,
      "day_threshold": 20.0,
      "skill_vs_persistence": -0.11500909233981305,
      "skill_day_vs_persistence": 0.12825214539533414
    },
    "final_test": {
      "n": 12075,
      "rmse": 218.58383978885777,
      "mae": 179.4279676373405,
      "n_day": 5363,
      "rmse_day": 253.5064843399257,
      "mae_day": 200.78965113559988,
      "day_threshold": 20.0,
      "skill_vs_persistence": -0.09910875330483448,
      "skill_day_vs_persistence": 0.1373776761106864
    }
  }
}