{
  "run_name": "uniandes_H36_L24_P16_seed13_20260502_122354",
  "study_name": "resnet_lstm_uniandes_P16",
  "site": "uniandes",
  "device": "cuda",
  "seed": 13,
  "debug": false,
  "day_threshold": 20.0,
  "data_paths": {
    "site_dir": "/srv/projects/Proyecto_e_ladino/data/datasets/manifest_v1/uniandes/h6",
    "patches_root": "/srv/projects/Proyecto_e_ladino/data/patches_v1/uniandes/P16",
    "ground_path": "/srv/projects/Proyecto_e_ladino/data/ground_aligned/ground_10min_utc_uniandes.parquet",
    "run_dir": "/srv/projects/Proyecto_e_ladino/runs/resnet_lstm_optuna/uniandes_H36_L24_P16_seed13_20260502_122354"
  },
  "temporal": {
    "freq_min": 10,
    "history_steps_L": 24,
    "horizon_steps_H": 36,
    "history_hours": 4.0,
    "horizon_hours": 6.0
  },
  "spatial": {
    "grid_size": 256,
    "patch": 16,
    "site_center_rc": {
      "row": 160,
      "col": 49
    },
    "channels": 16
  },
  "target_norm": {
    "y_mean_train": 180.78839786820285,
    "y_std_train": 283.1064661153594,
    "y_percentiles_train": [
      0.0,
      2.202,
      628.0594000000003,
      858.5459999999997,
      1088.74274
    ]
  },
  "baselines": {
    "persistence_train": {
      "n": 54470,
      "rmse": 419.8303181060779,
      "mae": 281.04479528180656,
      "n_day": 25215,
      "rmse_day": 498.6695422994848,
      "mae_day": 398.23299048185606,
      "day_threshold": 20.0
    },
    "persistence_val": {
      "n": 12406,
      "rmse": 378.32913327097435,
      "mae": 247.05014589714656,
      "n_day": 5467,
      "rmse_day": 462.17602240706213,
      "mae_day": 370.62950722516916,
      "day_threshold": 20.0
    },
    "persistence_test": {
      "n": 12075,
      "rmse": 389.517844176586,
      "mae": 250.79533714285714,
      "n_day": 5465,
      "rmse_day": 470.92567245567665,
      "mae_day": 369.5877123513266,
      "day_threshold": 20.0
    }
  },
  "optuna": {
    "n_trials": 20,
    "best_trial_number": 11,
    "best_value_val_rmse_day": 270.5325654401102,
    "best_params": {
      "base": 32,
      "emb_dim": 128,
      "hidden_t": 128,
      "dropout": 0.0,
      "lr": 0.0015480113884700538,
      "weight_decay": 1.5615035772951816e-05,
      "batch_size": 64
    }
  },
  "best_model": {
    "arch": "SmallResNetEncoder + LayerNorm + LSTM + MLP head",
    "best_epoch": 5,
    "train_seconds_total": 3065.6420323848724,
    "n_params": 864577,
    "best_ckpt_path": "/srv/projects/Proyecto_e_ladino/runs/resnet_lstm_optuna/uniandes_H36_L24_P16_seed13_20260502_122354/best_model.pt",
    "final_val": {
      "n": 12407,
      "rmse": 298.2552963473903,
      "mae": 263.50141338915046,
      "n_day": 5468,
      "rmse_day": 282.0526012906522,
      "mae_day": 226.56019692745363,
      "day_threshold": 20.0,
      "skill_vs_persistence": 0.2116512578116283,
      "skill_day_vs_persistence": 0.38972904777341866
    },
    "final_test": {
      "n": 12075,
      "rmse": 305.0502638753795,
      "mae": 259.6472389900413,
      "n_day": 5465,
      "rmse_day": 300.8542608927257,
      "mae_day": 245.54245620546052,
      "day_threshold": 20.0,
      "skill_vs_persistence": 0.21685163225260173,
      "skill_day_vs_persistence": 0.36114279070007316
    }
  }
}