{
  "run_name": "uniandes_H18_L24_P16_seed13_20260430_044627",
  "study_name": "graphsage_lstm_uniandes_P16",
  "site": "uniandes",
  "device": "cuda",
  "seed": 13,
  "debug": false,
  "day_threshold": 20.0,
  "data_paths": {
    "site_dir": "/srv/projects/Proyecto_e_ladino/data/datasets/manifest_v1/uniandes/h3",
    "patches_root": "/srv/projects/Proyecto_e_ladino/data/patches_v1/uniandes/P16",
    "ground_path": "/srv/projects/Proyecto_e_ladino/data/ground_aligned/ground_10min_utc_uniandes.parquet",
    "run_dir": "/srv/projects/Proyecto_e_ladino/runs/graphsage_lstm_optuna/uniandes_H18_L24_P16_seed13_20260430_044627"
  },
  "temporal": {
    "freq_min": 10,
    "history_steps_L": 24,
    "horizon_steps_H": 18,
    "history_hours": 4.0,
    "horizon_hours": 3.0
  },
  "spatial": {
    "grid_size": 256,
    "patch": 16,
    "site_center_rc": {
      "row": 160,
      "col": 49
    },
    "n_nodes": 256,
    "n_edges": 1860,
    "channels": 16
  },
  "target_norm": {
    "y_mean_train": 176.12705206594896,
    "y_std_train": 279.60664470861093,
    "y_percentiles_train": [
      0.0,
      1.45,
      614.2736,
      846.2329999999998,
      1086.98496
    ]
  },
  "baselines": {
    "persistence_train": {
      "n": 54507,
      "rmse": 297.47920806960843,
      "mae": 176.6130889610509,
      "n_day": 24893,
      "rmse_day": 406.97961339298257,
      "mae_day": 319.8906504639858,
      "day_threshold": 20.0
    },
    "persistence_val": {
      "n": 12424,
      "rmse": 279.2358520044971,
      "mae": 159.75912910495813,
      "n_day": 5363,
      "rmse_day": 388.4280430826495,
      "mae_day": 303.88528883087827,
      "day_threshold": 20.0
    },
    "persistence_test": {
      "n": 12093,
      "rmse": 289.8663399192236,
      "mae": 166.1633237410072,
      "n_day": 5413,
      "rmse_day": 405.0128725291247,
      "mae_day": 313.1511483465731,
      "day_threshold": 20.0
    }
  },
  "optuna": {
    "n_trials": 20,
    "best_trial_number": 15,
    "best_value_val_rmse_day": 253.2769086979092,
    "best_params": {
      "hidden_g": 64,
      "n_sage_layers": 3,
      "hidden_t": 96,
      "n_lstm_layers": 1,
      "input_bn": true,
      "concat_agg": false,
      "dropout_head": 0.0,
      "lr": 0.0004380765235123509,
      "weight_decay": 6.658042871153912e-05,
      "batch_size": 8
    }
  },
  "best_model": {
    "arch": "GraphSAGE_LSTM (improved)",
    "best_epoch": 11,
    "train_seconds_total": 6857.358839511871,
    "n_params": 90593,
    "best_ckpt_path": "/srv/projects/Proyecto_e_ladino/runs/graphsage_lstm_optuna/uniandes_H18_L24_P16_seed13_20260430_044627/best_model.pt",
    "final_val": {
      "n": 12407,
      "rmse": 174.46115833779473,
      "mae": 109.05668536890539,
      "n_day": 5356,
      "rmse_day": 256.77580877828063,
      "mae_day": 200.11600113484823,
      "day_threshold": 20.0,
      "skill_vs_persistence": 0.37521934563408277,
      "skill_day_vs_persistence": 0.33893596677404836
    },
    "final_test": {
      "n": 12075,
      "rmse": 175.12926316725023,
      "mae": 109.80370223146048,
      "n_day": 5402,
      "rmse_day": 253.33998331059493,
      "mae_day": 193.10461380163065,
      "day_threshold": 20.0,
      "skill_vs_persistence": 0.39582752790112685,
      "skill_day_vs_persistence": 0.3744890582647432
    }
  }
}