{
  "run_name": "uniandes_H6_L24_P16_seed42_20260425_114645",
  "study_name": "resnet_lstm_uniandes_P16",
  "site": "uniandes",
  "device": "cuda",
  "seed": 42,
  "debug": false,
  "day_threshold": 20.0,
  "data_paths": {
    "site_dir": "/srv/projects/Proyecto_e_ladino/data/datasets/manifest_v1/uniandes/h1",
    "patches_root": "/srv/projects/Proyecto_e_ladino/data/patches_v1/uniandes/P16",
    "ground_path": "/srv/projects/Proyecto_e_ladino/data/ground_aligned/ground_10min_utc_uniandes.parquet",
    "run_dir": "/srv/projects/Proyecto_e_ladino/runs/resnet_lstm_optuna/uniandes_H6_L24_P16_seed42_20260425_114645"
  },
  "temporal": {
    "freq_min": 10,
    "history_steps_L": 24,
    "horizon_steps_H": 6,
    "history_hours": 4.0,
    "horizon_hours": 1.0
  },
  "spatial": {
    "grid_size": 256,
    "patch": 16,
    "site_center_rc": {
      "row": 160,
      "col": 49
    },
    "channels": 16
  },
  "target_norm": {
    "y_mean_train": 175.7477949503099,
    "y_std_train": 280.2327654100579,
    "y_percentiles_train": [
      0.0,
      1.198,
      614.6748000000006,
      847.1319999999984,
      1089.9805399999989
    ]
  },
  "baselines": {
    "persistence_train": {
      "n": 54530,
      "rmse": 186.8767751992772,
      "mae": 96.77239943150559,
      "n_day": 24695,
      "rmse_day": 274.0422963905876,
      "mae_day": 202.98731447661473,
      "day_threshold": 20.0
    },
    "persistence_val": {
      "n": 12436,
      "rmse": 186.78888879318058,
      "mae": 93.81208748793826,
      "n_day": 5322,
      "rmse_day": 282.470628754978,
      "mae_day": 208.5904742577978,
      "day_threshold": 20.0
    },
    "persistence_test": {
      "n": 12105,
      "rmse": 198.87371393559732,
      "mae": 98.8389893432466,
      "n_day": 5385,
      "rmse_day": 293.87888224007196,
      "mae_day": 210.81610547818016,
      "day_threshold": 20.0
    }
  },
  "optuna": {
    "n_trials": 20,
    "best_trial_number": 11,
    "best_value_val_rmse_day": 243.3119321165508,
    "best_params": {
      "base": 48,
      "emb_dim": 64,
      "hidden_t": 64,
      "dropout": 0.3,
      "lr": 0.0010934706922990562,
      "weight_decay": 1.3271464834034891e-06,
      "batch_size": 16
    }
  },
  "best_model": {
    "arch": "SmallResNetEncoder + LayerNorm + LSTM + MLP head",
    "best_epoch": 18,
    "train_seconds_total": 6563.75418138504,
    "n_params": 1617761,
    "best_ckpt_path": "/srv/projects/Proyecto_e_ladino/runs/resnet_lstm_optuna/uniandes_H6_L24_P16_seed42_20260425_114645/best_model.pt",
    "final_val": {
      "n": 12407,
      "rmse": 160.942779376069,
      "mae": 84.95665300371876,
      "n_day": 5304,
      "rmse_day": 243.10624956007356,
      "mae_day": 185.84967898315614,
      "day_threshold": 20.0,
      "skill_vs_persistence": 0.13837070065623747,
      "skill_day_vs_persistence": 0.13935742405647056
    },
    "final_test": {
      "n": 12075,
      "rmse": 163.47175851438945,
      "mae": 89.14817006808137,
      "n_day": 5363,
      "rmse_day": 242.4668624645186,
      "mae_day": 188.65206501463024,
      "day_threshold": 20.0,
      "skill_vs_persistence": 0.17801224063564858,
      "skill_day_vs_persistence": 0.17494288593882468
    }
  }
}