{
  "run_name": "elpaso_H36_L24_P16_seed42_20260503_091745",
  "study_name": "graphsage_lstm_elpaso_P16",
  "site": "elpaso",
  "device": "cuda",
  "seed": 42,
  "debug": false,
  "day_threshold": 20.0,
  "data_paths": {
    "site_dir": "/srv/projects/Proyecto_e_ladino/data/datasets/manifest_v1/elpaso/h6",
    "patches_root": "/srv/projects/Proyecto_e_ladino/data/patches_v1/elpaso/P16",
    "ground_path": "/srv/projects/Proyecto_e_ladino/data/ground_aligned/ground_10min_utc_elpaso.parquet",
    "run_dir": "/srv/projects/Proyecto_e_ladino/runs/graphsage_lstm_optuna/elpaso_H36_L24_P16_seed42_20260503_091745"
  },
  "temporal": {
    "freq_min": 10,
    "history_steps_L": 24,
    "horizon_steps_H": 36,
    "history_hours": 4.0,
    "horizon_hours": 6.0
  },
  "spatial": {
    "grid_size": 256,
    "patch": 16,
    "site_center_rc": {
      "row": 91,
      "col": 53
    },
    "n_nodes": 256,
    "n_edges": 1860,
    "channels": 16
  },
  "target_norm": {
    "y_mean_train": 261.92635188591504,
    "y_std_train": 334.4136966237947,
    "y_percentiles_train": [
      0.0,
      54.8177,
      832.6579800000001,
      940.6390899999999,
      1061.0064279999995
    ]
  },
  "baselines": {
    "persistence_train": {
      "n": 67739,
      "rmse": 478.02554452757306,
      "mae": 335.90022509484936,
      "n_day": 37595,
      "rmse_day": 529.8506724188508,
      "mae_day": 419.28558613911423,
      "day_threshold": 20.0
    },
    "persistence_val": {
      "n": 16974,
      "rmse": 508.34324726745825,
      "mae": 371.86558640862495,
      "n_day": 8544,
      "rmse_day": 579.1280983328007,
      "mae_day": 491.96823967696616,
      "day_threshold": 20.0
    },
    "persistence_test": {
      "n": 17429,
      "rmse": 494.54338746068777,
      "mae": 365.92797373343285,
      "n_day": 9035,
      "rmse_day": 565.3265559462145,
      "mae_day": 483.2841778085223,
      "day_threshold": 20.0
    }
  },
  "optuna": {
    "n_trials": 20,
    "best_trial_number": 12,
    "best_value_val_rmse_day": 211.93970572116498,
    "best_params": {
      "hidden_g": 96,
      "n_sage_layers": 4,
      "hidden_t": 128,
      "n_lstm_layers": 1,
      "input_bn": true,
      "concat_agg": true,
      "dropout_head": 0.0,
      "lr": 0.00015017674005201456,
      "weight_decay": 7.966025712575806e-05,
      "batch_size": 8
    }
  },
  "best_model": {
    "arch": "GraphSAGE_LSTM (improved)",
    "best_epoch": 21,
    "train_seconds_total": 9050.782988071442,
    "n_params": 191329,
    "best_ckpt_path": "/srv/projects/Proyecto_e_ladino/runs/graphsage_lstm_optuna/elpaso_H36_L24_P16_seed42_20260503_091745/best_model.pt",
    "final_val": {
      "n": 16974,
      "rmse": 151.37138433635874,
      "mae": 94.14445408497147,
      "n_day": 8544,
      "rmse_day": 206.55687052463358,
      "mae_day": 161.0636476738176,
      "day_threshold": 20.0,
      "skill_vs_persistence": 0.7022260349674394,
      "skill_day_vs_persistence": 0.6433312921281646
    },
    "final_test": {
      "n": 17429,
      "rmse": 153.3881089722876,
      "mae": 94.11593679758268,
      "n_day": 9035,
      "rmse_day": 209.68560989866128,
      "mae_day": 154.41013210108747,
      "day_threshold": 20.0,
      "skill_vs_persistence": 0.6898389244270697,
      "skill_day_vs_persistence": 0.6290894038266079
    }
  }
}