{
  "run_name": "elpaso_H6_L24_P16_seed7_20260426_174344",
  "study_name": "graphsage_lstm_elpaso_P16",
  "site": "elpaso",
  "device": "cuda",
  "seed": 7,
  "debug": false,
  "day_threshold": 20.0,
  "data_paths": {
    "site_dir": "/srv/projects/Proyecto_e_ladino/data/datasets/manifest_v1/elpaso/h1",
    "patches_root": "/srv/projects/Proyecto_e_ladino/data/patches_v1/elpaso/P16",
    "ground_path": "/srv/projects/Proyecto_e_ladino/data/ground_aligned/ground_10min_utc_elpaso.parquet",
    "run_dir": "/srv/projects/Proyecto_e_ladino/runs/graphsage_lstm_optuna/elpaso_H6_L24_P16_seed7_20260426_174344"
  },
  "temporal": {
    "freq_min": 10,
    "history_steps_L": 24,
    "horizon_steps_H": 6,
    "history_hours": 4.0,
    "horizon_hours": 1.0
  },
  "spatial": {
    "grid_size": 256,
    "patch": 16,
    "site_center_rc": {
      "row": 91,
      "col": 53
    },
    "n_nodes": 256,
    "n_edges": 1860,
    "channels": 16
  },
  "target_norm": {
    "y_mean_train": 253.3309569286842,
    "y_std_train": 330.9109172989493,
    "y_percentiles_train": [
      0.0,
      42.4958,
      822.1867000000001,
      934.66228,
      1058.4838319999997
    ]
  },
  "baselines": {
    "persistence_train": {
      "n": 67769,
      "rmse": 151.52752842368395,
      "mae": 85.47757769629182,
      "n_day": 36929,
      "rmse_day": 202.8858811687818,
      "mae_day": 149.8020352839232,
      "day_threshold": 20.0
    },
    "persistence_val": {
      "n": 16980,
      "rmse": 161.44602724739167,
      "mae": 93.13768978798586,
      "n_day": 8355,
      "rmse_day": 228.16763051915703,
      "mae_day": 181.34662143626574,
      "day_threshold": 20.0
    },
    "persistence_test": {
      "n": 17459,
      "rmse": 146.5248386757287,
      "mae": 87.05203624491666,
      "n_day": 8757,
      "rmse_day": 204.44875164413472,
      "mae_day": 165.10202031517645,
      "day_threshold": 20.0
    }
  },
  "optuna": {
    "n_trials": 20,
    "best_trial_number": 14,
    "best_value_val_rmse_day": 249.90589735446065,
    "best_params": {
      "hidden_g": 192,
      "n_sage_layers": 2,
      "hidden_t": 96,
      "n_lstm_layers": 2,
      "input_bn": true,
      "concat_agg": false,
      "dropout_head": 0.1,
      "lr": 0.00040172820250951834,
      "weight_decay": 6.19897642536192e-05,
      "batch_size": 32
    }
  },
  "best_model": {
    "arch": "GraphSAGE_LSTM (improved)",
    "best_epoch": 7,
    "train_seconds_total": 5282.702855348587,
    "n_params": 276321,
    "best_ckpt_path": "/srv/projects/Proyecto_e_ladino/runs/graphsage_lstm_optuna/elpaso_H6_L24_P16_seed7_20260426_174344/best_model.pt",
    "final_val": {
      "n": 16974,
      "rmse": 216.06127003863597,
      "mae": 161.19735504182754,
      "n_day": 8355,
      "rmse_day": 256.036450151351,
      "mae_day": 200.80627607691437,
      "day_threshold": 20.0,
      "skill_vs_persistence": -0.338287932644842,
      "skill_day_vs_persistence": -0.12214186372002933
    },
    "final_test": {
      "n": 17429,
      "rmse": 203.69291427414245,
      "mae": 145.4818794127483,
      "n_day": 8757,
      "rmse_day": 254.0198072282028,
      "mae_day": 187.6994237373773,
      "day_threshold": 20.0,
      "skill_vs_persistence": -0.39015962150233086,
      "skill_day_vs_persistence": -0.24246201155754998
    }
  }
}