{
  "run_name": "uniandes_H6_L24_P16_seed7_20260710_144354",
  "arch": "mlp",
  "site": "uniandes",
  "device": "cuda",
  "seed": 7,
  "debug": false,
  "day_threshold": 20.0,
  "optuna_source": {
    "version": "v2",
    "runs_root": "/srv/projects/Proyecto_e_ladino/runs/mlp_optuna",
    "best_params": {
      "n_layers": 4,
      "hidden_dim": 512,
      "dropout": 0.2,
      "lr": 0.00012068828169465314,
      "weight_decay": 0.0004328898209791379,
      "batch_size": 16
    }
  },
  "data_paths": {
    "site_dir": "/srv/projects/Proyecto_e_ladino/data/datasets/manifest_v1/uniandes/h1",
    "patches_root": "/srv/projects/Proyecto_e_ladino/data/patches_v1/uniandes/P16",
    "ground_path": "/srv/projects/Proyecto_e_ladino/data/ground_aligned/ground_10min_utc_uniandes.parquet",
    "run_dir": "/srv/projects/Proyecto_e_ladino/runs/mlp_sgld/uniandes_H6_L24_P16_seed7_20260710_144354"
  },
  "temporal": {
    "freq_min": 10,
    "history_steps_L": 24,
    "horizon_steps_H": 6,
    "history_hours": 4.0,
    "horizon_hours": 1.0
  },
  "spatial": {
    "grid_size": 256,
    "patch": 16,
    "channels": 16
  },
  "target_norm": {
    "y_mean_train": 175.7477949503099,
    "y_std_train": 280.2327654100579,
    "y_percentiles_train": [
      0.0,
      1.198,
      614.6748000000006,
      847.1319999999984,
      1089.9805399999989
    ]
  },
  "baselines": {
    "persistence_train": {
      "n": 54530,
      "rmse": 186.8767751992772,
      "mae": 96.77239943150559,
      "n_day": 24695,
      "rmse_day": 274.0422963905876,
      "mae_day": 202.98731447661473,
      "day_threshold": 20.0
    },
    "persistence_val": {
      "n": 12436,
      "rmse": 186.78888879318058,
      "mae": 93.81208748793826,
      "n_day": 5322,
      "rmse_day": 282.470628754978,
      "mae_day": 208.5904742577978,
      "day_threshold": 20.0
    },
    "persistence_test": {
      "n": 12105,
      "rmse": 198.87371393559732,
      "mae": 98.8389893432466,
      "n_day": 5385,
      "rmse_day": 293.87888224007196,
      "mae_day": 210.81610547818016,
      "day_threshold": 20.0
    }
  },
  "sgld": {
    "sgld_lr": 1e-05,
    "burn_in": 500,
    "sample_every": 100,
    "n_samples": 10,
    "total_epochs": 1500,
    "n_collected": 10,
    "checkpoint_paths": [
      "/srv/projects/Proyecto_e_ladino/runs/mlp_sgld/uniandes_H6_L24_P16_seed7_20260710_144354/checkpoint_e0600.pt",
      "/srv/projects/Proyecto_e_ladino/runs/mlp_sgld/uniandes_H6_L24_P16_seed7_20260710_144354/checkpoint_e0700.pt",
      "/srv/projects/Proyecto_e_ladino/runs/mlp_sgld/uniandes_H6_L24_P16_seed7_20260710_144354/checkpoint_e0800.pt",
      "/srv/projects/Proyecto_e_ladino/runs/mlp_sgld/uniandes_H6_L24_P16_seed7_20260710_144354/checkpoint_e0900.pt",
      "/srv/projects/Proyecto_e_ladino/runs/mlp_sgld/uniandes_H6_L24_P16_seed7_20260710_144354/checkpoint_e1000.pt",
      "/srv/projects/Proyecto_e_ladino/runs/mlp_sgld/uniandes_H6_L24_P16_seed7_20260710_144354/checkpoint_e1100.pt",
      "/srv/projects/Proyecto_e_ladino/runs/mlp_sgld/uniandes_H6_L24_P16_seed7_20260710_144354/checkpoint_e1200.pt",
      "/srv/projects/Proyecto_e_ladino/runs/mlp_sgld/uniandes_H6_L24_P16_seed7_20260710_144354/checkpoint_e1300.pt",
      "/srv/projects/Proyecto_e_ladino/runs/mlp_sgld/uniandes_H6_L24_P16_seed7_20260710_144354/checkpoint_e1400.pt",
      "/srv/projects/Proyecto_e_ladino/runs/mlp_sgld/uniandes_H6_L24_P16_seed7_20260710_144354/checkpoint_e1500.pt"
    ],
    "train_seconds_total": 248239.86497068405
  },
  "best_model": {
    "arch": "FlatMLP (spatial avg-pool)",
    "n_params": 989697,
    "train_seconds_total": 248239.86497068405,
    "inference_method": "ensemble_mean",
    "final_val": null,
    "final_test": {
      "n": 12075,
      "rmse": 22650.677351221606,
      "mae": 22632.29917167395,
      "n_day": 5363,
      "rmse_day": 22606.27861316398,
      "mae_day": 22583.240054383597,
      "day_threshold": 20.0,
      "ensemble_std_mean": 54942.7734375,
      "ensemble_std_day_mean": 54668.54296875,
      "n_checkpoints": 10,
      "skill_vs_persistence": -112.8947772582787,
      "skill_day_vs_persistence": -75.9237940502872
    }
  }
}