{
  "run_name": "uniandes_H36_L24_P16_seed42_20260312_083853",
  "study_name": "resnet_lstm_uniandes_P16",
  "site": "uniandes",
  "device": "cuda",
  "seed": 42,
  "day_threshold": 20.0,
  "data_paths": {
    "site_dir": "/srv/projects/Proyecto_e_ladino/data/datasets/manifest_v1/uniandes",
    "mcmipf_root": "/srv/projects/Proyecto_e_ladino/data_processed/GOES_v2/MCMIPF",
    "patches_root": "/srv/projects/Proyecto_e_ladino/data/patches_v1/uniandes/P16",
    "ground_path": "/srv/projects/Proyecto_e_ladino/data/ground_aligned/ground_10min_utc_uniandes.parquet",
    "run_dir": "/srv/projects/Proyecto_e_ladino/runs/resnet_lstm_optuna/uniandes_H36_L24_P16_seed42_20260312_083853"
  },
  "temporal": {
    "freq_min": 10,
    "history_steps_L": 24,
    "horizon_steps_H": 36,
    "history_hours": 4.0,
    "horizon_hours": 6.0
  },
  "spatial": {
    "grid_size": 256,
    "patch": 16,
    "site_center_rc": {
      "row": 160,
      "col": 49
    },
    "channels": 16
  },
  "target_norm": {
    "y_mean_train": 180.78839786820285,
    "y_std_train": 283.1064661153594
  },
  "baselines": {
    "persistence_train": {
      "n": 54470,
      "rmse": 419.8303181060779,
      "mae": 281.04479528180656,
      "n_day": 25215,
      "rmse_day": 498.6695422994848,
      "mae_day": 398.23299048185606,
      "day_threshold": 20.0
    },
    "persistence_val": {
      "n": 12406,
      "rmse": 378.32913327097435,
      "mae": 247.05014589714656,
      "n_day": 5467,
      "rmse_day": 462.17602240706213,
      "mae_day": 370.62950722516916,
      "day_threshold": 20.0
    },
    "persistence_test": {
      "n": 12075,
      "rmse": 389.517844176586,
      "mae": 250.79533714285714,
      "n_day": 5465,
      "rmse_day": 470.92567245567665,
      "mae_day": 369.5877123513266,
      "day_threshold": 20.0
    }
  },
  "optuna": {
    "n_trials": 30,
    "best_value_val_rmse_day": 279.0237677888449,
    "best_params": {
      "base": 48,
      "emb_dim": 192,
      "hidden_t": 64,
      "dropout": 0.1,
      "lr": 0.0015932458811547476,
      "weight_decay": 0.0006064218430174462,
      "batch_size": 16
    }
  },
  "best_model": {
    "arch": "SmallResNetEncoder + LayerNorm + LSTM + MLP head",
    "best_epoch": 18,
    "train_seconds_total": 4330.269357919693,
    "final_val": {
      "n": 12407,
      "rmse": 203.40750973464068,
      "mae": 128.70567128259938,
      "n_day": 5468,
      "rmse_day": 278.4327336196515,
      "mae_day": 216.52784003457975,
      "day_threshold": 20.0,
      "skill_vs_persistence": 0.46235303642621783,
      "skill_day_vs_persistence": 0.3975612750969999
    },
    "final_test": {
      "n": 12075,
      "rmse": 210.68481108747932,
      "mae": 137.86173442453577,
      "n_day": 5465,
      "rmse_day": 268.97935204775297,
      "mae_day": 216.2654580761071,
      "day_threshold": 20.0,
      "skill_vs_persistence": 0.45911383974500064,
      "skill_day_vs_persistence": 0.4288284377338366
    },
    "n_params": 1675489
  }
}