{
  "run_name": "elpaso_H36_L24_P16_seed42_20260422_201934",
  "site": "elpaso",
  "device": "cuda",
  "seed": 42,
  "debug": false,
  "data_paths": {
    "site_dir": "/srv/projects/Proyecto_e_ladino/data/datasets/manifest_v1/elpaso/h6",
    "patches_root": "/srv/projects/Proyecto_e_ladino/data/patches_v1/elpaso/P16",
    "ground_path": "/srv/projects/Proyecto_e_ladino/data/ground_aligned/ground_10min_utc_elpaso.parquet",
    "run_dir": "/srv/projects/Proyecto_e_ladino/runs/resnet_lstm/elpaso_H36_L24_P16_seed42_20260422_201934"
  },
  "temporal": {
    "freq_min": 10,
    "history_steps_L": 24,
    "horizon_steps_H": 36,
    "history_hours": 4.0,
    "horizon_hours": 6.0
  },
  "spatial": {
    "grid_size": 256,
    "patch": 16,
    "site_center_rc": {
      "row": 91,
      "col": 53
    },
    "channels": 16
  },
  "target_norm": {
    "y_mean_train": 261.92635188591504,
    "y_std_train": 334.4136966237947,
    "y_percentiles_train": [
      0.0,
      54.8177,
      832.6579800000001,
      940.6390899999999,
      1061.0064279999995
    ]
  },
  "baselines": {
    "persistence_train": {
      "n": 67739,
      "rmse": 478.02554452757306,
      "mae": 335.90022509484936,
      "n_day": 37595,
      "rmse_day": 529.8506724188508,
      "mae_day": 419.28558613911423,
      "day_threshold": 20.0
    },
    "persistence_val": {
      "n": 16974,
      "rmse": 508.34324726745825,
      "mae": 371.86558640862495,
      "n_day": 8544,
      "rmse_day": 579.1280983328007,
      "mae_day": 491.96823967696616,
      "day_threshold": 20.0
    },
    "persistence_test": {
      "n": 17429,
      "rmse": 494.54338746068777,
      "mae": 365.92797373343285,
      "n_day": 9035,
      "rmse_day": 565.3265559462145,
      "mae_day": 483.2841778085223,
      "day_threshold": 20.0
    }
  },
  "model": {
    "arch": "SmallResNetEncoder + LayerNorm + LSTM + MLP head",
    "base": 32,
    "emb_dim": 128,
    "hidden_t": 128,
    "dropout": 0.1,
    "optimizer": "AdamW",
    "lr_init": 0.002,
    "weight_decay": 0.0001,
    "batch_size": 16,
    "num_workers": 4,
    "use_amp": true,
    "grad_clip_norm": 1.0,
    "epochs_max": 30,
    "patience": 8,
    "day_threshold": 20.0,
    "best_epoch": 10,
    "best_val_rmse_day": 218.97193156263154,
    "train_seconds_total": 3806.1842200756073,
    "n_params": 864577,
    "best_ckpt_path": "/srv/projects/Proyecto_e_ladino/runs/resnet_lstm/elpaso_H36_L24_P16_seed42_20260422_201934/best_model.pt",
    "final_val": {
      "n": 16974,
      "rmse": 161.44568216389402,
      "mae": 108.7824672169942,
      "n_day": 8544,
      "rmse_day": 218.97193156263154,
      "mae_day": 171.3409128760577,
      "day_threshold": 20.0,
      "skill_vs_persistence": 0.682408130664218,
      "skill_day_vs_persistence": 0.6218937879322217
    },
    "final_test": {
      "n": 17429,
      "rmse": 151.17178891598496,
      "mae": 105.91281511478685,
      "n_day": 9035,
      "rmse_day": 203.62751906595975,
      "mae_day": 160.1145103940135,
      "day_threshold": 20.0,
      "skill_vs_persistence": 0.6943204726845091,
      "skill_day_vs_persistence": 0.6398054948521954
    }
  },
  "training_log": [
    {
      "epoch": 1,
      "train_mse_norm": 0.5719507783554568,
      "val_rmse_phys": 273.6475952114116,
      "val_mae_phys": 211.84464685883472,
      "val_rmse_day_phys": 294.884331324692,
      "val_mae_day_phys": 249.1783189898573,
      "lr": 0.002,
      "epoch_seconds": 211.7143256664276
    },
    {
      "epoch": 2,
      "train_mse_norm": 0.4376916161069209,
      "val_rmse_phys": 334.7531238526888,
      "val_mae_phys": 255.6427479439775,
      "val_rmse_day_phys": 313.60885545858366,
      "val_mae_day_phys": 263.7053302647023,
      "lr": 0.002,
      "epoch_seconds": 211.3557915687561
    },
    {
      "epoch": 3,
      "train_mse_norm": 0.4077037232591435,
      "val_rmse_phys": 416.8182612770209,
      "val_mae_phys": 365.72899233405775,
      "val_rmse_day_phys": 321.11425297155404,
      "val_mae_day_phys": 278.61247175373836,
      "lr": 0.002,
      "epoch_seconds": 211.39159512519836
    },
    {
      "epoch": 4,
      "train_mse_norm": 0.3973093998214132,
      "val_rmse_phys": 386.6374160232529,
      "val_mae_phys": 251.03864401238286,
      "val_rmse_day_phys": 542.0353512318126,
      "val_mae_day_phys": 442.84280658393317,
      "lr": 0.002,
      "epoch_seconds": 211.5411515235901
    },
    {
      "epoch": 5,
      "train_mse_norm": 0.3880755155374563,
      "val_rmse_phys": 277.84105490867324,
      "val_mae_phys": 203.59743744719924,
      "val_rmse_day_phys": 305.43980850958326,
      "val_mae_day_phys": 256.67095056098054,
      "lr": 0.001,
      "epoch_seconds": 211.6013696193695
    },
    {
      "epoch": 6,
      "train_mse_norm": 0.37176389422621375,
      "val_rmse_phys": 284.80648431291945,
      "val_mae_phys": 196.21125479273763,
      "val_rmse_day_phys": 324.3411751802523,
      "val_mae_day_phys": 265.900232343638,
      "lr": 0.001,
      "epoch_seconds": 211.72335934638977
    },
    {
      "epoch": 7,
      "train_mse_norm": 0.3663012166289779,
      "val_rmse_phys": 376.197913053681,
      "val_mae_phys": 253.45507395656563,
      "val_rmse_day_phys": 524.415487698547,
      "val_mae_day_phys": 425.7878888144475,
      "lr": 0.001,
      "epoch_seconds": 211.16166853904724
    },
    {
      "epoch": 8,
      "train_mse_norm": 0.3609077717016117,
      "val_rmse_phys": 164.8899742955227,
      "val_mae_phys": 102.44240463722493,
      "val_rmse_day_phys": 224.06728515690267,
      "val_mae_day_phys": 169.41292402538915,
      "lr": 0.001,
      "epoch_seconds": 210.88558983802795
    },
    {
      "epoch": 9,
      "train_mse_norm": 0.3576512899376051,
      "val_rmse_phys": 323.6458248614847,
      "val_mae_phys": 196.5505399006169,
      "val_rmse_day_phys": 451.41040245220546,
      "val_mae_day_phys": 344.8651109420405,
      "lr": 0.001,
      "epoch_seconds": 211.77890491485596
    },
    {
      "epoch": 10,
      "train_mse_norm": 0.35911276456396224,
      "val_rmse_phys": 161.44568216389402,
      "val_mae_phys": 108.7824672169942,
      "val_rmse_day_phys": 218.97193156263154,
      "val_mae_day_phys": 171.3409128760577,
      "lr": 0.001,
      "epoch_seconds": 211.84167742729187
    },
    {
      "epoch": 11,
      "train_mse_norm": 0.35285171875985316,
      "val_rmse_phys": 377.7789770543713,
      "val_mae_phys": 231.98232124735839,
      "val_rmse_day_phys": 531.3576792398011,
      "val_mae_day_phys": 428.4927970514762,
      "lr": 0.001,
      "epoch_seconds": 211.5082724094391
    },
    {
      "epoch": 12,
      "train_mse_norm": 0.3526772280832085,
      "val_rmse_phys": 165.44105032033917,
      "val_mae_phys": 99.81489589327536,
      "val_rmse_day_phys": 228.61219717551018,
      "val_mae_day_phys": 180.2643184286825,
      "lr": 0.001,
      "epoch_seconds": 211.2016725540161
    },
    {
      "epoch": 13,
      "train_mse_norm": 0.3512017073505239,
      "val_rmse_phys": 179.79796126659886,
      "val_mae_phys": 121.54740749164507,
      "val_rmse_day_phys": 242.48823452475034,
      "val_mae_day_phys": 192.1386342584417,
      "lr": 0.001,
      "epoch_seconds": 211.51564598083496
    },
    {
      "epoch": 14,
      "train_mse_norm": 0.3472158848699561,
      "val_rmse_phys": 223.76656046304245,
      "val_mae_phys": 156.51460065287696,
      "val_rmse_day_phys": 283.1843085938266,
      "val_mae_day_phys": 231.1565365094817,
      "lr": 0.0005,
      "epoch_seconds": 211.0523133277893
    },
    {
      "epoch": 15,
      "train_mse_norm": 0.34004351236612435,
      "val_rmse_phys": 175.01846490451183,
      "val_mae_phys": 113.57386913279335,
      "val_rmse_day_phys": 239.09707555604697,
      "val_mae_day_phys": 188.9299300011624,
      "lr": 0.0005,
      "epoch_seconds": 211.37722826004028
    },
    {
      "epoch": 16,
      "train_mse_norm": 0.3371316828669511,
      "val_rmse_phys": 197.06759806026605,