{
  "run_name": "elpaso_H18_L24_P16_seed100_20260421_035805",
  "study_name": "graphsage_lstm_elpaso_P16",
  "site": "elpaso",
  "device": "cuda",
  "seed": 100,
  "debug": false,
  "day_threshold": 20.0,
  "data_paths": {
    "site_dir": "/srv/projects/Proyecto_e_ladino/data/datasets/manifest_v1/elpaso/h3",
    "patches_root": "/srv/projects/Proyecto_e_ladino/data/patches_v1/elpaso/P16",
    "ground_path": "/srv/projects/Proyecto_e_ladino/data/ground_aligned/ground_10min_utc_elpaso.parquet",
    "run_dir": "/srv/projects/Proyecto_e_ladino/runs/graphsage_lstm_optuna/elpaso_H18_L24_P16_seed100_20260421_035805"
  },
  "temporal": {
    "freq_min": 10,
    "history_steps_L": 24,
    "horizon_steps_H": 18,
    "history_hours": 4.0,
    "horizon_hours": 3.0
  },
  "spatial": {
    "grid_size": 256,
    "patch": 16,
    "site_center_rc": {
      "row": 91,
      "col": 53
    },
    "n_nodes": 256,
    "n_edges": 1860,
    "channels": 16
  },
  "target_norm": {
    "y_mean_train": 257.92697964785924,
    "y_std_train": 333.79023189628583,
    "y_percentiles_train": [
      0.0,
      46.8406,
      830.73338,
      940.32124,
      1060.9813360000005
    ]
  },
  "baselines": {
    "persistence_train": {
      "n": 67757,
      "rmse": 309.1336034108842,
      "mae": 195.06606843573357,
      "n_day": 37140,
      "rmse_day": 386.88765276155976,
      "mae_day": 299.70014026117394,
      "day_threshold": 20.0
    },
    "persistence_val": {
      "n": 16980,
      "rmse": 328.47743608830115,
      "mae": 215.02438442285043,
      "n_day": 8438,
      "rmse_day": 430.63078605216106,
      "mae_day": 361.2121933278028,
      "day_threshold": 20.0
    },
    "persistence_test": {
      "n": 17447,
      "rmse": 316.2031679603426,
      "mae": 209.22957659196422,
      "n_day": 8861,
      "rmse_day": 411.01905686516415,
      "mae_day": 344.8571918970771,
      "day_threshold": 20.0
    }
  },
  "optuna": {
    "n_trials": 50,
    "best_trial_number": 45,
    "best_value_val_rmse_day": 253.88675145976703,
    "best_params": {
      "hidden_g": 192,
      "n_sage_layers": 2,
      "hidden_t": 128,
      "n_lstm_layers": 2,
      "input_bn": true,
      "concat_agg": true,
      "dropout_head": 0.1,
      "lr": 0.00034662406333708527,
      "weight_decay": 9.88939540773011e-06,
      "batch_size": 32
    }
  },
  "best_model": {
    "arch": "GraphSAGE_LSTM (improved)",
    "best_epoch": 7,
    "train_seconds_total": 3426.8293268680573,
    "n_params": 394273,
    "best_ckpt_path": "/srv/projects/Proyecto_e_ladino/runs/graphsage_lstm_optuna/elpaso_H18_L24_P16_seed100_20260421_035805/best_model.pt",
    "final_val": {
      "n": 16974,
      "rmse": 200.68893757137167,
      "mae": 136.85303403194317,
      "n_day": 8433,
      "rmse_day": 256.6150572656978,
      "mae_day": 205.64989735519535,
      "day_threshold": 20.0,
      "skill_vs_persistence": 0.3890328055366885,
      "skill_day_vs_persistence": 0.404094956567703
    },
    "final_test": {
      "n": 17429,
      "rmse": 174.21241103597026,
      "mae": 110.40901196076145,
      "n_day": 8861,
      "rmse_day": 217.94941129851506,
      "mae_day": 165.07802213189456,
      "day_threshold": 20.0,
      "skill_vs_persistence": 0.44904912825598586,
      "skill_day_vs_persistence": 0.46973404843850497
    }
  }
}