{
  "run_name": "elpaso_H18_L24_P16_seed42_20260508_122611",
  "study_name": "graphsage_lstm_elpaso_P16",
  "site": "elpaso",
  "device": "cuda",
  "seed": 42,
  "debug": false,
  "day_threshold": 20.0,
  "data_paths": {
    "site_dir": "/srv/projects/Proyecto_e_ladino/data/datasets/manifest_v1/elpaso/h3",
    "patches_root": "/srv/projects/Proyecto_e_ladino/data/patches_v1/elpaso/P16",
    "ground_path": "/srv/projects/Proyecto_e_ladino/data/ground_aligned/ground_10min_utc_elpaso.parquet",
    "run_dir": "/srv/projects/Proyecto_e_ladino/runs/graphsage_lstm_optuna/elpaso_H18_L24_P16_seed42_20260508_122611"
  },
  "temporal": {
    "freq_min": 10,
    "history_steps_L": 24,
    "horizon_steps_H": 18,
    "history_hours": 4.0,
    "horizon_hours": 3.0
  },
  "spatial": {
    "grid_size": 256,
    "patch": 16,
    "site_center_rc": {
      "row": 91,
      "col": 53
    },
    "n_nodes": 256,
    "n_edges": 1860,
    "channels": 16
  },
  "target_norm": {
    "y_mean_train": 257.92697964785924,
    "y_std_train": 333.79023189628583,
    "y_percentiles_train": [
      0.0,
      46.8406,
      830.73338,
      940.32124,
      1060.9813360000005
    ]
  },
  "baselines": {
    "persistence_train": {
      "n": 67757,
      "rmse": 309.1336034108842,
      "mae": 195.06606843573357,
      "n_day": 37140,
      "rmse_day": 386.88765276155976,
      "mae_day": 299.70014026117394,
      "day_threshold": 20.0
    },
    "persistence_val": {
      "n": 16980,
      "rmse": 328.47743608830115,
      "mae": 215.02438442285043,
      "n_day": 8438,
      "rmse_day": 430.63078605216106,
      "mae_day": 361.2121933278028,
      "day_threshold": 20.0
    },
    "persistence_test": {
      "n": 17447,
      "rmse": 316.2031679603426,
      "mae": 209.22957659196422,
      "n_day": 8861,
      "rmse_day": 411.01905686516415,
      "mae_day": 344.8571918970771,
      "day_threshold": 20.0
    }
  },
  "optuna": {
    "n_trials": 20,
    "best_trial_number": 12,
    "best_value_val_rmse_day": 254.80909429294869,
    "best_params": {
      "hidden_g": 128,
      "n_sage_layers": 2,
      "hidden_t": 128,
      "n_lstm_layers": 2,
      "input_bn": true,
      "concat_agg": false,
      "dropout_head": 0.0,
      "lr": 0.000942740895587029,
      "weight_decay": 0.00020836150873483476,
      "batch_size": 32
    }
  },
  "best_model": {
    "arch": "GraphSAGE_LSTM (improved)",
    "best_epoch": 7,
    "train_seconds_total": 3299.115429878235,
    "n_params": 318497,
    "best_ckpt_path": "/srv/projects/Proyecto_e_ladino/runs/graphsage_lstm_optuna/elpaso_H18_L24_P16_seed42_20260508_122611/best_model.pt",
    "final_val": {
      "n": 16974,
      "rmse": 208.58793066274808,
      "mae": 159.19504041099796,
      "n_day": 8433,
      "rmse_day": 258.62365819260816,
      "mae_day": 210.5683616476241,
      "day_threshold": 20.0,
      "skill_vs_persistence": 0.36498551271364976,
      "skill_day_vs_persistence": 0.3994306339229513
    },
    "final_test": {
      "n": 17429,
      "rmse": 184.60934219555404,
      "mae": 137.85024368765022,
      "n_day": 8861,
      "rmse_day": 219.22955523241856,
      "mae_day": 173.06794351832403,
      "day_threshold": 20.0,
      "skill_vs_persistence": 0.41616858747377683,
      "skill_day_vs_persistence": 0.466619487416281
    }
  }
}