{
  "site": "uniandes",
  "device": "cuda",
  "seed": 42,
  "debug": {
    "enabled": false,
    "train_n": 54508,
    "val_n": 12407,
    "test_n": 12075
  },
  "data_paths": {
    "site_dir": "/srv/projects/Proyecto_e_ladino/data/datasets/manifest_v1/uniandes",
    "mcmipf_root": "/srv/projects/Proyecto_e_ladino/data_processed/GOES_v2/MCMIPF",
    "ground_path": "/srv/projects/Proyecto_e_ladino/data/ground_aligned/ground_10min_utc_uniandes.parquet"
  },
  "temporal": {
    "freq_min": 10,
    "history_steps_L": 12,
    "horizon_steps_H": 36,
    "history_hours": 2.0,
    "horizon_hours": 6.0
  },
  "spatial": {
    "grid_size": 256,
    "patch": 16,
    "site_center_rc": {
      "row": 160,
      "col": 49
    },
    "nodes": 256,
    "edge_index_shape": [
      2,
      1860
    ]
  },
  "target_norm": {
    "y_mean_train": 180.78839786820285,
    "y_std_train": 283.1064661153594,
    "y_percentiles_train": [
      0.0,
      2.202,
      628.0594000000003,
      858.5459999999997,
      1088.74274
    ]
  },
  "baselines": {
    "persistence_train": {
      "n": 54470,
      "rmse": 419.8303181060779,
      "mae": 281.04479528180656
    },
    "persistence_val": {
      "n": 12406,
      "rmse": 378.32913327097435,
      "mae": 247.05014589714656
    },
    "persistence_test": {
      "n": 12075,
      "rmse": 389.517844176586,
      "mae": 250.79533714285714
    }
  },
  "model": {
    "arch": "GraphSAGE(2 layers) + mean pool + LSTM + MLP head",
    "in_dim": 16,
    "hidden_g": 64,
    "hidden_t": 64,
    "optimizer": "Adam",
    "lr": 0.001,
    "batch_size": 8,
    "num_workers": 4,
    "epochs": 30,
    "train_seconds_total": 16517.58989214897,
    "final_val": {
      "n": 12407,
      "rmse": 258.4788929784215,
      "mae": 203.8491112149539
    },
    "final_test": {
      "n": 12075,
      "rmse": 261.9843596418956,
      "mae": 202.55601653104983
    },
    "best_ckpt_path": "/srv/projects/Proyecto_e_ladino/data/datasets/manifest_v1/uniandes/best_model.pt",
    "best_epoch": 1,
    "best_rmse": 258.4788929784215
  },
  "training_log": [
    {
      "epoch": 1,
      "train_mse": 1.0014374635781242,
      "val_rmse": 258.4788929784215,
      "val_mae": 203.8491112149539,
      "epoch_seconds": 3344.064100265503
    },
    {
      "epoch": 2,
      "train_mse": 1.0002262080856388,
      "val_rmse": 258.6122582938804,
      "val_mae": 204.51192678397885,
      "epoch_seconds": 2636.0132081508636
    },
    {
      "epoch": 3,
      "train_mse": 1.0002698698328463,
      "val_rmse": 258.8242549817276,
      "val_mae": 205.47859073767128,
      "epoch_seconds": 2639.7532069683075
    },
    {
      "epoch": 4,
      "train_mse": 1.0001661766583982,
      "val_rmse": 258.72925191797407,
      "val_mae": 205.0554194785129,
      "epoch_seconds": 2627.625893354416
    },
    {
      "epoch": 5,
      "train_mse": 1.0001945718915137,
      "val_rmse": 258.9950337839259,
      "val_mae": 206.20578572782182,
      "epoch_seconds": 2638.2234778404236
    },
    {
      "epoch": 6,
      "train_mse": 1.000153878494323,
      "val_rmse": 258.9582517770967,
      "val_mae": 206.05278087144626,
      "epoch_seconds": 2631.900384902954
    }
  ]
}