{
  "run_name": "uniandes_H18_L24_P16_seed1_20260626_124011",
  "study_name": "resnet_lstm_uniandes_P16",
  "site": "uniandes",
  "device": "cuda",
  "seed": 1,
  "debug": false,
  "day_threshold": 20.0,
  "data_paths": {
    "site_dir": "/srv/projects/Proyecto_e_ladino/data/datasets/manifest_v1/uniandes/h3",
    "patches_root": "/srv/projects/Proyecto_e_ladino/data/patches_v1/uniandes/P16",
    "ground_path": "/srv/projects/Proyecto_e_ladino/data/ground_aligned/ground_10min_utc_uniandes.parquet",
    "run_dir": "runs/resnet_lstm_optuna_v2/uniandes_H18_L24_P16_seed1_20260626_124011"
  },
  "temporal": {
    "freq_min": 10,
    "history_steps_L": 24,
    "horizon_steps_H": 18,
    "history_hours": 4.0,
    "horizon_hours": 3.0
  },
  "spatial": {
    "grid_size": 256,
    "patch": 16,
    "site_center_rc": {
      "row": 160,
      "col": 49
    },
    "channels": 16
  },
  "target_norm": {
    "y_mean_train": 176.12705206594896,
    "y_std_train": 279.60664470861093,
    "y_percentiles_train": [
      0.0,
      1.45,
      614.2736,
      846.2329999999998,
      1086.98496
    ]
  },
  "baselines": {
    "persistence_train": {
      "n": 54507,
      "rmse": 297.47920806960843,
      "mae": 176.6130889610509,
      "n_day": 24893,
      "rmse_day": 406.97961339298257,
      "mae_day": 319.8906504639858,
      "day_threshold": 20.0
    },
    "persistence_val": {
      "n": 12424,
      "rmse": 279.2358520044971,
      "mae": 159.75912910495813,
      "n_day": 5363,
      "rmse_day": 388.4280430826495,
      "mae_day": 303.88528883087827,
      "day_threshold": 20.0
    },
    "persistence_test": {
      "n": 12093,
      "rmse": 289.8663399192236,
      "mae": 166.1633237410072,
      "n_day": 5413,
      "rmse_day": 405.0128725291247,
      "mae_day": 313.1511483465731,
      "day_threshold": 20.0
    }
  },
  "optuna": {
    "n_trials": 100,
    "best_trial_number": 0,
    "best_value_val_rmse_day": 250.39862463115628,
    "best_params": {
      "base": 32,
      "emb_dim": 256,
      "hidden_t": 192,
      "n_lstm_layers": 2,
      "dropout": 0.2,
      "lr": 0.0023845353404397317,
      "weight_decay": 6.893933913843707e-06,
      "l1_reg": 0.0001,
      "batch_size": 32
    }
  },
  "best_model": {
    "arch": "SmallResNetEncoder + LayerNorm + LSTM + MLP head",
    "best_epoch": 13,
    "train_seconds_total": 4773.658121109009,
    "n_params": 1411905,
    "best_ckpt_path": "runs/resnet_lstm_optuna_v2/uniandes_H18_L24_P16_seed1_20260626_124011/best_model.pt",
    "final_val": {
      "n": 12407,
      "rmse": 243.80174428481445,
      "mae": 183.4295645263603,
      "n_day": 5356,
      "rmse_day": 272.941137253064,
      "mae_day": 214.61785491960453,
      "day_threshold": 20.0,
      "skill_vs_persistence": 0.12689669849096907,
      "skill_day_vs_persistence": 0.2973186614258254
    },
    "final_test": {
      "n": 12075,
      "rmse": 251.05862099004324,
      "mae": 189.07865862797013,
      "n_day": 5402,
      "rmse_day": 275.43268646456846,
      "mae_day": 217.8195122976914,
      "day_threshold": 20.0,
      "skill_vs_persistence": 0.1338814259703135,
      "skill_day_vs_persistence": 0.3199409076935913
    }
  }
}