{
  "run_name": "uniandes_H6_L24_P16_seed13_20260506_081827",
  "study_name": "graphsage_lstm_uniandes_P16",
  "site": "uniandes",
  "device": "cuda",
  "seed": 13,
  "debug": false,
  "day_threshold": 20.0,
  "data_paths": {
    "site_dir": "/srv/projects/Proyecto_e_ladino/data/datasets/manifest_v1/uniandes/h1",
    "patches_root": "/srv/projects/Proyecto_e_ladino/data/patches_v1/uniandes/P16",
    "ground_path": "/srv/projects/Proyecto_e_ladino/data/ground_aligned/ground_10min_utc_uniandes.parquet",
    "run_dir": "/srv/projects/Proyecto_e_ladino/runs/graphsage_lstm_optuna/uniandes_H6_L24_P16_seed13_20260506_081827"
  },
  "temporal": {
    "freq_min": 10,
    "history_steps_L": 24,
    "horizon_steps_H": 6,
    "history_hours": 4.0,
    "horizon_hours": 1.0
  },
  "spatial": {
    "grid_size": 256,
    "patch": 16,
    "site_center_rc": {
      "row": 160,
      "col": 49
    },
    "n_nodes": 256,
    "n_edges": 1860,
    "channels": 16
  },
  "target_norm": {
    "y_mean_train": 175.7477949503099,
    "y_std_train": 280.2327654100579,
    "y_percentiles_train": [
      0.0,
      1.198,
      614.6748000000006,
      847.1319999999984,
      1089.9805399999989
    ]
  },
  "baselines": {
    "persistence_train": {
      "n": 54530,
      "rmse": 186.8767751992772,
      "mae": 96.77239943150559,
      "n_day": 24695,
      "rmse_day": 274.0422963905876,
      "mae_day": 202.98731447661473,
      "day_threshold": 20.0
    },
    "persistence_val": {
      "n": 12436,
      "rmse": 186.78888879318058,
      "mae": 93.81208748793826,
      "n_day": 5322,
      "rmse_day": 282.470628754978,
      "mae_day": 208.5904742577978,
      "day_threshold": 20.0
    },
    "persistence_test": {
      "n": 12105,
      "rmse": 198.87371393559732,
      "mae": 98.8389893432466,
      "n_day": 5385,
      "rmse_day": 293.87888224007196,
      "mae_day": 210.81610547818016,
      "day_threshold": 20.0
    }
  },
  "optuna": {
    "n_trials": 20,
    "best_trial_number": 1,
    "best_value_val_rmse_day": 237.3913486617487,
    "best_params": {
      "hidden_g": 192,
      "n_sage_layers": 2,
      "hidden_t": 96,
      "n_lstm_layers": 2,
      "input_bn": false,
      "concat_agg": false,
      "dropout_head": 0.0,
      "lr": 0.0005756248992064394,
      "weight_decay": 3.246796804668035e-05,
      "batch_size": 32
    }
  },
  "best_model": {
    "arch": "GraphSAGE_LSTM (improved)",
    "best_epoch": 6,
    "train_seconds_total": 2422.249693632126,
    "n_params": 276289,
    "best_ckpt_path": "/srv/projects/Proyecto_e_ladino/runs/graphsage_lstm_optuna/uniandes_H6_L24_P16_seed13_20260506_081827/best_model.pt",
    "final_val": {
      "n": 12407,
      "rmse": 161.57621559817053,
      "mae": 97.39299301721802,
      "n_day": 5304,
      "rmse_day": 240.45137481528744,
      "mae_day": 192.4047399480598,
      "day_threshold": 20.0,
      "skill_vs_persistence": 0.1349795127424699,
      "skill_day_vs_persistence": 0.1487561879438445
    },
    "final_test": {
      "n": 12075,
      "rmse": 175.62767584036294,
      "mae": 108.17051434503085,
      "n_day": 5363,
      "rmse_day": 257.3040642500469,
      "mae_day": 212.0446537877783,
      "day_threshold": 20.0,
      "skill_vs_persistence": 0.11688843957911499,
      "skill_day_vs_persistence": 0.1244554141190305
    }
  }
}