{
  "run_name": "uniandes_H36_L24_P16_seed1_20260420_152300",
  "study_name": "graphsage_lstm_uniandes_P16",
  "site": "uniandes",
  "device": "cuda",
  "seed": 1,
  "debug": false,
  "day_threshold": 20.0,
  "data_paths": {
    "site_dir": "/srv/projects/Proyecto_e_ladino/data/datasets/manifest_v1/uniandes/h6",
    "patches_root": "/srv/projects/Proyecto_e_ladino/data/patches_v1/uniandes/P16",
    "ground_path": "/srv/projects/Proyecto_e_ladino/data/ground_aligned/ground_10min_utc_uniandes.parquet",
    "run_dir": "/srv/projects/Proyecto_e_ladino/runs/graphsage_lstm_optuna/uniandes_H36_L24_P16_seed1_20260420_152300"
  },
  "temporal": {
    "freq_min": 10,
    "history_steps_L": 24,
    "horizon_steps_H": 36,
    "history_hours": 4.0,
    "horizon_hours": 6.0
  },
  "spatial": {
    "grid_size": 256,
    "patch": 16,
    "site_center_rc": {
      "row": 160,
      "col": 49
    },
    "n_nodes": 256,
    "n_edges": 1860,
    "channels": 16
  },
  "target_norm": {
    "y_mean_train": 180.78839786820285,
    "y_std_train": 283.1064661153594,
    "y_percentiles_train": [
      0.0,
      2.202,
      628.0594000000003,
      858.5459999999997,
      1088.74274
    ]
  },
  "baselines": {
    "persistence_train": {
      "n": 54470,
      "rmse": 419.8303181060779,
      "mae": 281.04479528180656,
      "n_day": 25215,
      "rmse_day": 498.6695422994848,
      "mae_day": 398.23299048185606,
      "day_threshold": 20.0
    },
    "persistence_val": {
      "n": 12406,
      "rmse": 378.32913327097435,
      "mae": 247.05014589714656,
      "n_day": 5467,
      "rmse_day": 462.17602240706213,
      "mae_day": 370.62950722516916,
      "day_threshold": 20.0
    },
    "persistence_test": {
      "n": 12075,
      "rmse": 389.517844176586,
      "mae": 250.79533714285714,
      "n_day": 5465,
      "rmse_day": 470.92567245567665,
      "mae_day": 369.5877123513266,
      "day_threshold": 20.0
    }
  },
  "optuna": {
    "n_trials": 50,
    "best_trial_number": 49,
    "best_value_val_rmse_day": 271.40849265611104,
    "best_params": {
      "hidden_g": 192,
      "n_sage_layers": 4,
      "hidden_t": 64,
      "n_lstm_layers": 2,
      "input_bn": true,
      "concat_agg": true,
      "dropout_head": 0.0,
      "lr": 0.0006428429941421936,
      "weight_decay": 1.526576393905487e-05,
      "batch_size": 32
    }
  },
  "best_model": {
    "arch": "GraphSAGE_LSTM (improved)",
    "best_epoch": 9,
    "train_seconds_total": 4709.634202480316,
    "n_params": 332065,
    "best_ckpt_path": "/srv/projects/Proyecto_e_ladino/runs/graphsage_lstm_optuna/uniandes_H36_L24_P16_seed1_20260420_152300/best_model.pt",
    "final_val": {
      "n": 12407,
      "rmse": 208.0417253794373,
      "mae": 134.96290891476235,
      "n_day": 5468,
      "rmse_day": 274.575320195829,
      "mae_day": 214.33517446287723,
      "day_threshold": 20.0,
      "skill_vs_persistence": 0.4501038723062625,
      "skill_day_vs_persistence": 0.40590747489276746
    },
    "final_test": {
      "n": 12075,
      "rmse": 210.85464841322494,
      "mae": 140.6867179083972,
      "n_day": 5465,
      "rmse_day": 269.4528383501118,
      "mae_day": 217.70374874523333,
      "day_threshold": 20.0,
      "skill_vs_persistence": 0.458677820373142,
      "skill_day_vs_persistence": 0.42782300029423004
    }
  }
}