{
  "run_name": "uniandes_H6_L24_P16_seed1_20260426_070753",
  "study_name": "graphsage_lstm_uniandes_P16",
  "site": "uniandes",
  "device": "cuda",
  "seed": 1,
  "debug": false,
  "day_threshold": 20.0,
  "data_paths": {
    "site_dir": "/srv/projects/Proyecto_e_ladino/data/datasets/manifest_v1/uniandes/h1",
    "patches_root": "/srv/projects/Proyecto_e_ladino/data/patches_v1/uniandes/P16",
    "ground_path": "/srv/projects/Proyecto_e_ladino/data/ground_aligned/ground_10min_utc_uniandes.parquet",
    "run_dir": "/srv/projects/Proyecto_e_ladino/runs/graphsage_lstm_optuna/uniandes_H6_L24_P16_seed1_20260426_070753"
  },
  "temporal": {
    "freq_min": 10,
    "history_steps_L": 24,
    "horizon_steps_H": 6,
    "history_hours": 4.0,
    "horizon_hours": 1.0
  },
  "spatial": {
    "grid_size": 256,
    "patch": 16,
    "site_center_rc": {
      "row": 160,
      "col": 49
    },
    "n_nodes": 256,
    "n_edges": 1860,
    "channels": 16
  },
  "target_norm": {
    "y_mean_train": 175.7477949503099,
    "y_std_train": 280.2327654100579,
    "y_percentiles_train": [
      0.0,
      1.198,
      614.6748000000006,
      847.1319999999984,
      1089.9805399999989
    ]
  },
  "baselines": {
    "persistence_train": {
      "n": 54530,
      "rmse": 186.8767751992772,
      "mae": 96.77239943150559,
      "n_day": 24695,
      "rmse_day": 274.0422963905876,
      "mae_day": 202.98731447661473,
      "day_threshold": 20.0
    },
    "persistence_val": {
      "n": 12436,
      "rmse": 186.78888879318058,
      "mae": 93.81208748793826,
      "n_day": 5322,
      "rmse_day": 282.470628754978,
      "mae_day": 208.5904742577978,
      "day_threshold": 20.0
    },
    "persistence_test": {
      "n": 12105,
      "rmse": 198.87371393559732,
      "mae": 98.8389893432466,
      "n_day": 5385,
      "rmse_day": 293.87888224007196,
      "mae_day": 210.81610547818016,
      "day_threshold": 20.0
    }
  },
  "optuna": {
    "n_trials": 20,
    "best_trial_number": 11,
    "best_value_val_rmse_day": 238.39450691515592,
    "best_params": {
      "hidden_g": 64,
      "n_sage_layers": 2,
      "hidden_t": 64,
      "n_lstm_layers": 2,
      "input_bn": false,
      "concat_agg": false,
      "dropout_head": 0.1,
      "lr": 0.0005245936978819292,
      "weight_decay": 5.843317139760786e-06,
      "batch_size": 8
    }
  },
  "best_model": {
    "arch": "GraphSAGE_LSTM (improved)",
    "best_epoch": 15,
    "train_seconds_total": 7184.858911514282,
    "n_params": 81409,
    "best_ckpt_path": "/srv/projects/Proyecto_e_ladino/runs/graphsage_lstm_optuna/uniandes_H6_L24_P16_seed1_20260426_070753/best_model.pt",
    "final_val": {
      "n": 12407,
      "rmse": 162.25296114426908,
      "mae": 91.2795552794628,
      "n_day": 5304,
      "rmse_day": 240.96704044368906,
      "mae_day": 192.44832583897792,
      "day_threshold": 20.0,
      "skill_vs_persistence": 0.1313564624075655,
      "skill_day_vs_persistence": 0.1469306330864263
    },
    "final_test": {
      "n": 12075,
      "rmse": 171.09746522400215,
      "mae": 97.854421480862,
      "n_day": 5363,
      "rmse_day": 251.4931023908255,
      "mae_day": 204.14005289499204,
      "day_threshold": 20.0,
      "skill_vs_persistence": 0.1396677728892367,
      "skill_day_vs_persistence": 0.14422873643102418
    }
  }
}