{
  "run_name": "elpaso_H6_L24_P16_seed42_20260719_160043",
  "study_name": "resnet_lstm_elpaso_P16",
  "site": "elpaso",
  "device": "cuda",
  "seed": 42,
  "debug": false,
  "day_threshold": 20.0,
  "data_paths": {
    "site_dir": "/home/estebanladino/Documents/solar-forecasting-uq/data/datasets/manifest_v1/elpaso/h1",
    "patches_root": "/home/estebanladino/Documents/solar-forecasting-uq/data/patches_v1/elpaso/P16",
    "ground_path": "/home/estebanladino/Documents/solar-forecasting-uq/data/ground_aligned/ground_10min_utc_elpaso.parquet",
    "run_dir": "runs/resnet_lstm_optuna_v2/elpaso_H6_L24_P16_seed42_20260719_160043"
  },
  "temporal": {
    "freq_min": 10,
    "history_steps_L": 24,
    "horizon_steps_H": 6,
    "history_hours": 4.0,
    "horizon_hours": 1.0
  },
  "spatial": {
    "grid_size": 256,
    "patch": 16,
    "site_center_rc": {
      "row": 91,
      "col": 53
    },
    "channels": 16
  },
  "target_norm": {
    "y_mean_train": 249.80550466880135,
    "y_std_train": 329.9976830401891,
    "y_percentiles_train": [
      0.0,
      36.2104,
      819.54006,
      933.45988,
      1057.1139999999987
    ]
  },
  "baselines": {
    "persistence_train": {
      "n": 67769,
      "rmse": 150.52587764627745,
      "mae": 84.12060431318154,
      "n_day": 36482,
      "rmse_day": 202.7352514523172,
      "mae_day": 149.07404539224822,
      "day_threshold": 20.0
    },
    "persistence_val": {
      "n": 16980,
      "rmse": 160.79370621488337,
      "mae": 91.89381036513545,
      "n_day": 8226,
      "rmse_day": 229.01886302474608,
      "mae_day": 181.5691251033309,
      "day_threshold": 20.0
    },
    "persistence_test": {
      "n": 17459,
      "rmse": 146.31963735994722,
      "mae": 85.89683718426026,
      "n_day": 8598,
      "rmse_day": 206.0076826828986,
      "mae_day": 165.67154105605954,
      "day_threshold": 20.0
    }
  },
  "optuna": {
    "n_trials": 75,
    "best_trial_number": 64,
    "best_value_val_rmse_day": 166.00536756468546,
    "best_params": {
      "base": 16,
      "emb_dim": 256,
      "hidden_t": 256,
      "n_lstm_layers": 1,
      "dropout": 0.3,
      "lr": 0.0008523010826652592,
      "weight_decay": 0.0007361427431267417,
      "l1_reg": 1e-05,
      "batch_size": 16
    }
  },
  "best_model": {
    "arch": "SmallResNetEncoder + LayerNorm + LSTM + MLP head",
    "best_epoch": 19,
    "train_seconds_total": 5194.6178278923035,
    "n_params": 786017,
    "best_ckpt_path": "runs/resnet_lstm_optuna_v2/elpaso_H6_L24_P16_seed42_20260719_160043/best_model.pt",
    "final_val": {
      "n": 16980,
      "rmse": 132.35749708145872,
      "mae": 91.95529981237979,
      "n_day": 8226,
      "rmse_day": 177.71785925905934,
      "mae_day": 140.94634836420883,
      "day_threshold": 20.0,
      "skill_vs_persistence": 0.17684901855190505,
      "skill_day_vs_persistence": 0.22400339905689037
    },
    "final_test": {
      "n": 17459,
      "rmse": 105.11194138336239,
      "mae": 71.32831397991464,
      "n_day": 8598,
      "rmse_day": 140.77030396682767,
      "mae_day": 95.80143269185938,
      "day_threshold": 20.0,
      "skill_vs_persistence": 0.28162792582115515,
      "skill_day_vs_persistence": 0.31667449420558524
    }
  }
}