{
  "run_name": "elpaso_H6_L24_P16_seed13_20260428_013400",
  "study_name": "graphsage_lstm_elpaso_P16",
  "site": "elpaso",
  "device": "cuda",
  "seed": 13,
  "debug": false,
  "day_threshold": 20.0,
  "data_paths": {
    "site_dir": "/srv/projects/Proyecto_e_ladino/data/datasets/manifest_v1/elpaso/h1",
    "patches_root": "/srv/projects/Proyecto_e_ladino/data/patches_v1/elpaso/P16",
    "ground_path": "/srv/projects/Proyecto_e_ladino/data/ground_aligned/ground_10min_utc_elpaso.parquet",
    "run_dir": "/srv/projects/Proyecto_e_ladino/runs/graphsage_lstm_optuna/elpaso_H6_L24_P16_seed13_20260428_013400"
  },
  "temporal": {
    "freq_min": 10,
    "history_steps_L": 24,
    "horizon_steps_H": 6,
    "history_hours": 4.0,
    "horizon_hours": 1.0
  },
  "spatial": {
    "grid_size": 256,
    "patch": 16,
    "site_center_rc": {
      "row": 91,
      "col": 53
    },
    "n_nodes": 256,
    "n_edges": 1860,
    "channels": 16
  },
  "target_norm": {
    "y_mean_train": 253.3309569286842,
    "y_std_train": 330.9109172989493,
    "y_percentiles_train": [
      0.0,
      42.4958,
      822.1867000000001,
      934.66228,
      1058.4838319999997
    ]
  },
  "baselines": {
    "persistence_train": {
      "n": 67769,
      "rmse": 151.52752842368395,
      "mae": 85.47757769629182,
      "n_day": 36929,
      "rmse_day": 202.8858811687818,
      "mae_day": 149.8020352839232,
      "day_threshold": 20.0
    },
    "persistence_val": {
      "n": 16980,
      "rmse": 161.44602724739167,
      "mae": 93.13768978798586,
      "n_day": 8355,
      "rmse_day": 228.16763051915703,
      "mae_day": 181.34662143626574,
      "day_threshold": 20.0
    },
    "persistence_test": {
      "n": 17459,
      "rmse": 146.5248386757287,
      "mae": 87.05203624491666,
      "n_day": 8757,
      "rmse_day": 204.44875164413472,
      "mae_day": 165.10202031517645,
      "day_threshold": 20.0
    }
  },
  "optuna": {
    "n_trials": 20,
    "best_trial_number": 12,
    "best_value_val_rmse_day": 246.63752898240347,
    "best_params": {
      "hidden_g": 128,
      "n_sage_layers": 2,
      "hidden_t": 64,
      "n_lstm_layers": 1,
      "input_bn": true,
      "concat_agg": false,
      "dropout_head": 0.2,
      "lr": 0.00016900874027980838,
      "weight_decay": 0.00011405106370325342,
      "batch_size": 16
    }
  },
  "best_model": {
    "arch": "GraphSAGE_LSTM (improved)",
    "best_epoch": 9,
    "train_seconds_total": 6474.551956176758,
    "n_params": 91553,
    "best_ckpt_path": "/srv/projects/Proyecto_e_ladino/runs/graphsage_lstm_optuna/elpaso_H6_L24_P16_seed13_20260428_013400/best_model.pt",
    "final_val": {
      "n": 16974,
      "rmse": 223.64815196236694,
      "mae": 167.78593409045982,
      "n_day": 8355,
      "rmse_day": 250.8488396990608,
      "mae_day": 197.61815391919487,
      "day_threshold": 20.0,
      "skill_vs_persistence": -0.3852812346980736,
      "skill_day_vs_persistence": -0.09940590226709811
    },
    "final_test": {
      "n": 17429,
      "rmse": 206.95111214506025,
      "mae": 146.8976694100818,
      "n_day": 8757,
      "rmse_day": 248.95289500122223,
      "mae_day": 185.2095206769155,
      "day_threshold": 20.0,
      "skill_vs_persistence": -0.4123961098708895,
      "skill_day_vs_persistence": -0.21767872388162401
    }
  }
}