{
  "run_name": "elpaso_H6_L24_P16_seed7_20260427_132522",
  "study_name": "resnet_lstm_elpaso_P16",
  "site": "elpaso",
  "device": "cuda",
  "seed": 7,
  "debug": false,
  "day_threshold": 20.0,
  "data_paths": {
    "site_dir": "/srv/projects/Proyecto_e_ladino/data/datasets/manifest_v1/elpaso/h1",
    "patches_root": "/srv/projects/Proyecto_e_ladino/data/patches_v1/elpaso/P16",
    "ground_path": "/srv/projects/Proyecto_e_ladino/data/ground_aligned/ground_10min_utc_elpaso.parquet",
    "run_dir": "/srv/projects/Proyecto_e_ladino/runs/resnet_lstm_optuna/elpaso_H6_L24_P16_seed7_20260427_132522"
  },
  "temporal": {
    "freq_min": 10,
    "history_steps_L": 24,
    "horizon_steps_H": 6,
    "history_hours": 4.0,
    "horizon_hours": 1.0
  },
  "spatial": {
    "grid_size": 256,
    "patch": 16,
    "site_center_rc": {
      "row": 91,
      "col": 53
    },
    "channels": 16
  },
  "target_norm": {
    "y_mean_train": 253.3309569286842,
    "y_std_train": 330.9109172989493,
    "y_percentiles_train": [
      0.0,
      42.4958,
      822.1867000000001,
      934.66228,
      1058.4838319999997
    ]
  },
  "baselines": {
    "persistence_train": {
      "n": 67769,
      "rmse": 151.52752842368395,
      "mae": 85.47757769629182,
      "n_day": 36929,
      "rmse_day": 202.8858811687818,
      "mae_day": 149.8020352839232,
      "day_threshold": 20.0
    },
    "persistence_val": {
      "n": 16980,
      "rmse": 161.44602724739167,
      "mae": 93.13768978798586,
      "n_day": 8355,
      "rmse_day": 228.16763051915703,
      "mae_day": 181.34662143626574,
      "day_threshold": 20.0
    },
    "persistence_test": {
      "n": 17459,
      "rmse": 146.5248386757287,
      "mae": 87.05203624491666,
      "n_day": 8757,
      "rmse_day": 204.44875164413472,
      "mae_day": 165.10202031517645,
      "day_threshold": 20.0
    }
  },
  "optuna": {
    "n_trials": 20,
    "best_trial_number": 7,
    "best_value_val_rmse_day": 250.47845124778453,
    "best_params": {
      "base": 48,
      "emb_dim": 192,
      "hidden_t": 64,
      "dropout": 0.1,
      "lr": 0.0006616450241178986,
      "weight_decay": 0.00011144254913463953,
      "batch_size": 16
    }
  },
  "best_model": {
    "arch": "SmallResNetEncoder + LayerNorm + LSTM + MLP head",
    "best_epoch": 14,
    "train_seconds_total": 7959.554713726044,
    "n_params": 1675489,
    "best_ckpt_path": "/srv/projects/Proyecto_e_ladino/runs/resnet_lstm_optuna/elpaso_H6_L24_P16_seed7_20260427_132522/best_model.pt",
    "final_val": {
      "n": 16974,
      "rmse": 217.5496188722446,
      "mae": 151.30604424672708,
      "n_day": 8355,
      "rmse_day": 257.69260496734137,
      "mae_day": 201.5683916978819,
      "day_threshold": 20.0,
      "skill_vs_persistence": -0.34750679580911137,
      "skill_day_vs_persistence": -0.12940036402623845
    },
    "final_test": {
      "n": 17429,
      "rmse": 202.4639139463713,
      "mae": 128.36158760583396,
      "n_day": 8757,
      "rmse_day": 270.5051463245245,
      "mae_day": 197.52518541110192,
      "day_threshold": 20.0,
      "skill_vs_persistence": -0.38177196287135273,
      "skill_day_vs_persistence": -0.3230951235905162
    }
  }
}