{
  "run_name": "elpaso_H6_L24_P16_seed13_20260518_111009",
  "study_name": "mlp_elpaso_P16",
  "site": "elpaso",
  "device": "cuda",
  "seed": 13,
  "debug": false,
  "day_threshold": 20.0,
  "data_paths": {
    "site_dir": "/srv/projects/Proyecto_e_ladino/data/datasets/manifest_v1/elpaso/h1",
    "patches_root": "/srv/projects/Proyecto_e_ladino/data/patches_v1/elpaso/P16",
    "ground_path": "/srv/projects/Proyecto_e_ladino/data/ground_aligned/ground_10min_utc_elpaso.parquet",
    "run_dir": "/srv/projects/Proyecto_e_ladino/runs/mlp_optuna/elpaso_H6_L24_P16_seed13_20260518_111009"
  },
  "temporal": {
    "freq_min": 10,
    "history_steps_L": 24,
    "horizon_steps_H": 6,
    "history_hours": 4.0,
    "horizon_hours": 1.0
  },
  "spatial": {
    "grid_size": 256,
    "patch": 16,
    "channels": 16,
    "mlp_input_dim": 384,
    "note": "spatial avg-pool over P\u00d7P before MLP; no spatial structure exploited"
  },
  "target_norm": {
    "y_mean_train": 253.3309569286842,
    "y_std_train": 330.9109172989493,
    "y_percentiles_train": [
      0.0,
      42.4958,
      822.1867000000001,
      934.66228,
      1058.4838319999997
    ]
  },
  "baselines": {
    "persistence_train": {
      "n": 67769,
      "rmse": 151.52752842368395,
      "mae": 85.47757769629182,
      "n_day": 36929,
      "rmse_day": 202.8858811687818,
      "mae_day": 149.8020352839232,
      "day_threshold": 20.0
    },
    "persistence_val": {
      "n": 16980,
      "rmse": 161.44602724739167,
      "mae": 93.13768978798586,
      "n_day": 8355,
      "rmse_day": 228.16763051915703,
      "mae_day": 181.34662143626574,
      "day_threshold": 20.0
    },
    "persistence_test": {
      "n": 17459,
      "rmse": 146.5248386757287,
      "mae": 87.05203624491666,
      "n_day": 8757,
      "rmse_day": 204.44875164413472,
      "mae_day": 165.10202031517645,
      "day_threshold": 20.0
    }
  },
  "optuna": {
    "n_trials": 50,
    "best_trial_number": 22,
    "best_value_val_rmse_day": 275.4726825445009,
    "best_params": {
      "n_layers": 2,
      "hidden_dim": 512,
      "dropout": 0.0,
      "lr": 0.0006093041391922093,
      "weight_decay": 0.000583819157016027,
      "batch_size": 32
    }
  },
  "best_model": {
    "arch": "FlatMLP",
    "best_epoch": 16,
    "train_seconds_total": 6459.659255027771,
    "n_params": 462337,
    "best_ckpt_path": "/srv/projects/Proyecto_e_ladino/runs/mlp_optuna/elpaso_H6_L24_P16_seed13_20260518_111009/best_model.pt",
    "final_val": {
      "n": 16974,
      "rmse": 271.76777684264636,
      "mae": 211.70316733428498,
      "n_day": 8355,
      "rmse_day": 278.031027166824,
      "mae_day": 229.57532702662286,
      "day_threshold": 20.0,
      "skill_vs_persistence": -0.6833351769393594,
      "skill_day_vs_persistence": -0.218538433932149
    },
    "final_test": {
      "n": 17429,
      "rmse": 292.7415451660106,
      "mae": 230.74576279344012,
      "n_day": 8757,
      "rmse_day": 267.8139830282407,
      "mae_day": 226.5097177306634,
      "day_threshold": 20.0,
      "skill_vs_persistence": -0.9978970651786168,
      "skill_day_vs_persistence": -0.3099321021749195
    }
  }
}