{
  "run_name": "uniandes_H6_L24_P16_seed13_20260427_103631",
  "study_name": "resnet_lstm_uniandes_P16",
  "site": "uniandes",
  "device": "cuda",
  "seed": 13,
  "debug": false,
  "day_threshold": 20.0,
  "data_paths": {
    "site_dir": "/srv/projects/Proyecto_e_ladino/data/datasets/manifest_v1/uniandes/h1",
    "patches_root": "/srv/projects/Proyecto_e_ladino/data/patches_v1/uniandes/P16",
    "ground_path": "/srv/projects/Proyecto_e_ladino/data/ground_aligned/ground_10min_utc_uniandes.parquet",
    "run_dir": "/srv/projects/Proyecto_e_ladino/runs/resnet_lstm_optuna/uniandes_H6_L24_P16_seed13_20260427_103631"
  },
  "temporal": {
    "freq_min": 10,
    "history_steps_L": 24,
    "horizon_steps_H": 6,
    "history_hours": 4.0,
    "horizon_hours": 1.0
  },
  "spatial": {
    "grid_size": 256,
    "patch": 16,
    "site_center_rc": {
      "row": 160,
      "col": 49
    },
    "channels": 16
  },
  "target_norm": {
    "y_mean_train": 175.7477949503099,
    "y_std_train": 280.2327654100579,
    "y_percentiles_train": [
      0.0,
      1.198,
      614.6748000000006,
      847.1319999999984,
      1089.9805399999989
    ]
  },
  "baselines": {
    "persistence_train": {
      "n": 54530,
      "rmse": 186.8767751992772,
      "mae": 96.77239943150559,
      "n_day": 24695,
      "rmse_day": 274.0422963905876,
      "mae_day": 202.98731447661473,
      "day_threshold": 20.0
    },
    "persistence_val": {
      "n": 12436,
      "rmse": 186.78888879318058,
      "mae": 93.81208748793826,
      "n_day": 5322,
      "rmse_day": 282.470628754978,
      "mae_day": 208.5904742577978,
      "day_threshold": 20.0
    },
    "persistence_test": {
      "n": 12105,
      "rmse": 198.87371393559732,
      "mae": 98.8389893432466,
      "n_day": 5385,
      "rmse_day": 293.87888224007196,
      "mae_day": 210.81610547818016,
      "day_threshold": 20.0
    }
  },
  "optuna": {
    "n_trials": 20,
    "best_trial_number": 0,
    "best_value_val_rmse_day": 241.7257583543925,
    "best_params": {
      "base": 16,
      "emb_dim": 64,
      "hidden_t": 128,
      "dropout": 0.3,
      "lr": 0.001375057528022619,
      "weight_decay": 1.2777237729633584e-05,
      "batch_size": 16
    }
  },
  "best_model": {
    "arch": "SmallResNetEncoder + LayerNorm + LSTM + MLP head",
    "best_epoch": 10,
    "train_seconds_total": 4587.172384262085,
    "n_params": 296737,
    "best_ckpt_path": "/srv/projects/Proyecto_e_ladino/runs/resnet_lstm_optuna/uniandes_H6_L24_P16_seed13_20260427_103631/best_model.pt",
    "final_val": {
      "n": 12407,
      "rmse": 165.37894289100288,
      "mae": 89.8359104715155,
      "n_day": 5304,
      "rmse_day": 248.99236792330052,
      "mae_day": 196.83720314952222,
      "day_threshold": 20.0,
      "skill_vs_persistence": 0.11462108929768544,
      "skill_day_vs_persistence": 0.11851944033699258
    },
    "final_test": {
      "n": 12075,
      "rmse": 169.5094253943393,
      "mae": 95.27941957841009,
      "n_day": 5363,
      "rmse_day": 250.93740896048067,
      "mae_day": 203.10681486938864,
      "day_threshold": 20.0,
      "skill_vs_persistence": 0.14765293994946016,
      "skill_day_vs_persistence": 0.14611962912160847
    }
  }
}