{
  "run_name": "uniandes_H6_L24_P16_seed42_20260608_211124",
  "study_name": "resnet_lstm_uniandes_P16",
  "site": "uniandes",
  "device": "cuda",
  "seed": 42,
  "debug": false,
  "day_threshold": 20.0,
  "data_paths": {
    "site_dir": "/srv/projects/Proyecto_e_ladino/data/datasets/manifest_v1/uniandes/h1",
    "patches_root": "/srv/projects/Proyecto_e_ladino/data/patches_v1/uniandes/P16",
    "ground_path": "/srv/projects/Proyecto_e_ladino/data/ground_aligned/ground_10min_utc_uniandes.parquet",
    "run_dir": "runs/resnet_lstm_optuna_v2/uniandes_H6_L24_P16_seed42_20260608_211124"
  },
  "temporal": {
    "freq_min": 10,
    "history_steps_L": 24,
    "horizon_steps_H": 6,
    "history_hours": 4.0,
    "horizon_hours": 1.0
  },
  "spatial": {
    "grid_size": 256,
    "patch": 16,
    "site_center_rc": {
      "row": 160,
      "col": 49
    },
    "channels": 16
  },
  "target_norm": {
    "y_mean_train": 175.7477949503099,
    "y_std_train": 280.2327654100579,
    "y_percentiles_train": [
      0.0,
      1.198,
      614.6748000000006,
      847.1319999999984,
      1089.9805399999989
    ]
  },
  "baselines": {
    "persistence_train": {
      "n": 54530,
      "rmse": 186.8767751992772,
      "mae": 96.77239943150559,
      "n_day": 24695,
      "rmse_day": 274.0422963905876,
      "mae_day": 202.98731447661473,
      "day_threshold": 20.0
    },
    "persistence_val": {
      "n": 12436,
      "rmse": 186.78888879318058,
      "mae": 93.81208748793826,
      "n_day": 5322,
      "rmse_day": 282.470628754978,
      "mae_day": 208.5904742577978,
      "day_threshold": 20.0
    },
    "persistence_test": {
      "n": 12105,
      "rmse": 198.87371393559732,
      "mae": 98.8389893432466,
      "n_day": 5385,
      "rmse_day": 293.87888224007196,
      "mae_day": 210.81610547818016,
      "day_threshold": 20.0
    }
  },
  "optuna": {
    "n_trials": 100,
    "best_trial_number": 86,
    "best_value_val_rmse_day": 241.5522065785922,
    "best_params": {
      "base": 16,
      "emb_dim": 64,
      "hidden_t": 128,
      "n_lstm_layers": 1,
      "dropout": 0.2,
      "lr": 0.0015886544073689156,
      "weight_decay": 0.00015629296213363555,
      "l1_reg": 0.0,
      "batch_size": 64
    }
  },
  "best_model": {
    "arch": "SmallResNetEncoder + LayerNorm + LSTM + MLP head",
    "best_epoch": 1,
    "train_seconds_total": 1675.101156949997,
    "n_params": 296737,
    "best_ckpt_path": "runs/resnet_lstm_optuna_v2/uniandes_H6_L24_P16_seed42_20260608_211124/best_model.pt",
    "final_val": {
      "n": 12407,
      "rmse": 176.4534028698622,
      "mae": 112.81518435699199,
      "n_day": 5304,
      "rmse_day": 259.22544874695495,
      "mae_day": 213.82715539802794,
      "day_threshold": 20.0,
      "skill_vs_persistence": 0.05533244504047097,
      "skill_day_vs_persistence": 0.08229237889432905
    },
    "final_test": {
      "n": 12075,
      "rmse": 195.16599102815277,
      "mae": 126.63545975900338,
      "n_day": 5363,
      "rmse_day": 282.67450835187645,
      "mae_day": 236.4782639076166,
      "day_threshold": 20.0,
      "skill_vs_persistence": 0.01864360469803572,
      "skill_day_vs_persistence": 0.038125821776617275
    }
  }
}