{
  "run_name": "uniandes_H36_L24_P16_seed42_20260430_173132",
  "study_name": "resnet_lstm_uniandes_P16",
  "site": "uniandes",
  "device": "cuda",
  "seed": 42,
  "debug": false,
  "day_threshold": 20.0,
  "data_paths": {
    "site_dir": "/srv/projects/Proyecto_e_ladino/data/datasets/manifest_v1/uniandes/h6",
    "patches_root": "/srv/projects/Proyecto_e_ladino/data/patches_v1/uniandes/P16",
    "ground_path": "/srv/projects/Proyecto_e_ladino/data/ground_aligned/ground_10min_utc_uniandes.parquet",
    "run_dir": "/srv/projects/Proyecto_e_ladino/runs/resnet_lstm_optuna/uniandes_H36_L24_P16_seed42_20260430_173132"
  },
  "temporal": {
    "freq_min": 10,
    "history_steps_L": 24,
    "horizon_steps_H": 36,
    "history_hours": 4.0,
    "horizon_hours": 6.0
  },
  "spatial": {
    "grid_size": 256,
    "patch": 16,
    "site_center_rc": {
      "row": 160,
      "col": 49
    },
    "channels": 16
  },
  "target_norm": {
    "y_mean_train": 180.78839786820285,
    "y_std_train": 283.1064661153594,
    "y_percentiles_train": [
      0.0,
      2.202,
      628.0594000000003,
      858.5459999999997,
      1088.74274
    ]
  },
  "baselines": {
    "persistence_train": {
      "n": 54470,
      "rmse": 419.8303181060779,
      "mae": 281.04479528180656,
      "n_day": 25215,
      "rmse_day": 498.6695422994848,
      "mae_day": 398.23299048185606,
      "day_threshold": 20.0
    },
    "persistence_val": {
      "n": 12406,
      "rmse": 378.32913327097435,
      "mae": 247.05014589714656,
      "n_day": 5467,
      "rmse_day": 462.17602240706213,
      "mae_day": 370.62950722516916,
      "day_threshold": 20.0
    },
    "persistence_test": {
      "n": 12075,
      "rmse": 389.517844176586,
      "mae": 250.79533714285714,
      "n_day": 5465,
      "rmse_day": 470.92567245567665,
      "mae_day": 369.5877123513266,
      "day_threshold": 20.0
    }
  },
  "optuna": {
    "n_trials": 20,
    "best_trial_number": 3,
    "best_value_val_rmse_day": 276.45404247487016,
    "best_params": {
      "base": 32,
      "emb_dim": 192,
      "hidden_t": 192,
      "dropout": 0.0,
      "lr": 0.0003747337986221358,
      "weight_decay": 1.4431725063660262e-06,
      "batch_size": 64
    }
  },
  "best_model": {
    "arch": "SmallResNetEncoder + LayerNorm + LSTM + MLP head",
    "best_epoch": 10,
    "train_seconds_total": 4987.852545976639,
    "n_params": 1057921,
    "best_ckpt_path": "/srv/projects/Proyecto_e_ladino/runs/resnet_lstm_optuna/uniandes_H36_L24_P16_seed42_20260430_173132/best_model.pt",
    "final_val": {
      "n": 12407,
      "rmse": 227.3134454221793,
      "mae": 142.58224728724878,
      "n_day": 5468,
      "rmse_day": 295.1098939057763,
      "mae_day": 231.01499597539672,
      "day_threshold": 20.0,
      "skill_vs_persistence": 0.3991648397339579,
      "skill_day_vs_persistence": 0.36147727359629833
    },
    "final_test": {
      "n": 12075,
      "rmse": 260.62873955143135,
      "mae": 169.36608222408572,
      "n_day": 5465,
      "rmse_day": 308.9919371776841,
      "mae_day": 251.05089293651807,
      "day_threshold": 20.0,
      "skill_vs_persistence": 0.3308939668672126,
      "skill_day_vs_persistence": 0.34386261940993323
    }
  }
}