{
  "run_name": "uniandes_H6_L24_P16_seed42_20260425_112425",
  "study_name": "graphsage_lstm_uniandes_P16",
  "site": "uniandes",
  "device": "cuda",
  "seed": 42,
  "debug": false,
  "day_threshold": 20.0,
  "data_paths": {
    "site_dir": "/srv/projects/Proyecto_e_ladino/data/datasets/manifest_v1/uniandes/h1",
    "patches_root": "/srv/projects/Proyecto_e_ladino/data/patches_v1/uniandes/P16",
    "ground_path": "/srv/projects/Proyecto_e_ladino/data/ground_aligned/ground_10min_utc_uniandes.parquet",
    "run_dir": "/srv/projects/Proyecto_e_ladino/runs/graphsage_lstm_optuna/uniandes_H6_L24_P16_seed42_20260425_112425"
  },
  "temporal": {
    "freq_min": 10,
    "history_steps_L": 24,
    "horizon_steps_H": 6,
    "history_hours": 4.0,
    "horizon_hours": 1.0
  },
  "spatial": {
    "grid_size": 256,
    "patch": 16,
    "site_center_rc": {
      "row": 160,
      "col": 49
    },
    "n_nodes": 256,
    "n_edges": 1860,
    "channels": 16
  },
  "target_norm": {
    "y_mean_train": 175.7477949503099,
    "y_std_train": 280.2327654100579,
    "y_percentiles_train": [
      0.0,
      1.198,
      614.6748000000006,
      847.1319999999984,
      1089.9805399999989
    ]
  },
  "baselines": {
    "persistence_train": {
      "n": 54530,
      "rmse": 186.8767751992772,
      "mae": 96.77239943150559,
      "n_day": 24695,
      "rmse_day": 274.0422963905876,
      "mae_day": 202.98731447661473,
      "day_threshold": 20.0
    },
    "persistence_val": {
      "n": 12436,
      "rmse": 186.78888879318058,
      "mae": 93.81208748793826,
      "n_day": 5322,
      "rmse_day": 282.470628754978,
      "mae_day": 208.5904742577978,
      "day_threshold": 20.0
    },
    "persistence_test": {
      "n": 12105,
      "rmse": 198.87371393559732,
      "mae": 98.8389893432466,
      "n_day": 5385,
      "rmse_day": 293.87888224007196,
      "mae_day": 210.81610547818016,
      "day_threshold": 20.0
    }
  },
  "optuna": {
    "n_trials": 20,
    "best_trial_number": 11,
    "best_value_val_rmse_day": 240.41549434648414,
    "best_params": {
      "hidden_g": 96,
      "n_sage_layers": 4,
      "hidden_t": 64,
      "n_lstm_layers": 1,
      "input_bn": true,
      "concat_agg": false,
      "dropout_head": 0.2,
      "lr": 5.081095744841206e-05,
      "weight_decay": 6.188769425173265e-05,
      "batch_size": 32
    }
  },
  "best_model": {
    "arch": "GraphSAGE_LSTM (improved)",
    "best_epoch": 18,
    "train_seconds_total": 6976.892528057098,
    "n_params": 105057,
    "best_ckpt_path": "/srv/projects/Proyecto_e_ladino/runs/graphsage_lstm_optuna/uniandes_H6_L24_P16_seed42_20260425_112425/best_model.pt",
    "final_val": {
      "n": 12407,
      "rmse": 161.20977705476284,
      "mae": 87.3815605081789,
      "n_day": 5304,
      "rmse_day": 242.40217677224967,
      "mae_day": 189.7017161224043,
      "day_threshold": 20.0,
      "skill_vs_persistence": 0.13694129187063542,
      "skill_day_vs_persistence": 0.1418499762588965
    },
    "final_test": {
      "n": 12075,
      "rmse": 165.39699802532408,
      "mae": 90.14494222005209,
      "n_day": 5363,
      "rmse_day": 245.1038762988577,
      "mae_day": 191.0827590655018,
      "day_threshold": 20.0,
      "skill_vs_persistence": 0.16833152681563068,
      "skill_day_vs_persistence": 0.16596975451053486
    }
  }
}