{
  "run_name": "elpaso_H6_L24_P16_seed100_20260422_124739",
  "site": "elpaso",
  "device": "cuda",
  "seed": 100,
  "debug": false,
  "data_paths": {
    "site_dir": "/srv/projects/Proyecto_e_ladino/data/datasets/manifest_v1/elpaso/h1",
    "patches_root": "/srv/projects/Proyecto_e_ladino/data/patches_v1/elpaso/P16",
    "ground_path": "/srv/projects/Proyecto_e_ladino/data/ground_aligned/ground_10min_utc_elpaso.parquet",
    "run_dir": "/srv/projects/Proyecto_e_ladino/runs/resnet_lstm/elpaso_H6_L24_P16_seed100_20260422_124739"
  },
  "temporal": {
    "freq_min": 10,
    "history_steps_L": 24,
    "horizon_steps_H": 6,
    "history_hours": 4.0,
    "horizon_hours": 1.0
  },
  "spatial": {
    "grid_size": 256,
    "patch": 16,
    "site_center_rc": {
      "row": 91,
      "col": 53
    },
    "channels": 16
  },
  "target_norm": {
    "y_mean_train": 253.3309569286842,
    "y_std_train": 330.9109172989493,
    "y_percentiles_train": [
      0.0,
      42.4958,
      822.1867000000001,
      934.66228,
      1058.4838319999997
    ]
  },
  "baselines": {
    "persistence_train": {
      "n": 67769,
      "rmse": 151.52752842368395,
      "mae": 85.47757769629182,
      "n_day": 36929,
      "rmse_day": 202.8858811687818,
      "mae_day": 149.8020352839232,
      "day_threshold": 20.0
    },
    "persistence_val": {
      "n": 16980,
      "rmse": 161.44602724739167,
      "mae": 93.13768978798586,
      "n_day": 8355,
      "rmse_day": 228.16763051915703,
      "mae_day": 181.34662143626574,
      "day_threshold": 20.0
    },
    "persistence_test": {
      "n": 17459,
      "rmse": 146.5248386757287,
      "mae": 87.05203624491666,
      "n_day": 8757,
      "rmse_day": 204.44875164413472,
      "mae_day": 165.10202031517645,
      "day_threshold": 20.0
    }
  },
  "model": {
    "arch": "SmallResNetEncoder + LayerNorm + LSTM + MLP head",
    "base": 32,
    "emb_dim": 128,
    "hidden_t": 128,
    "dropout": 0.1,
    "optimizer": "AdamW",
    "lr_init": 0.002,
    "weight_decay": 0.0001,
    "batch_size": 16,
    "num_workers": 4,
    "use_amp": true,
    "grad_clip_norm": 1.0,
    "epochs_max": 30,
    "patience": 8,
    "day_threshold": 20.0,
    "best_epoch": 7,
    "best_val_rmse_day": 249.87963943500094,
    "train_seconds_total": 3173.6394164562225,
    "n_params": 864577,
    "best_ckpt_path": "/srv/projects/Proyecto_e_ladino/runs/resnet_lstm/elpaso_H6_L24_P16_seed100_20260422_124739/best_model.pt",
    "final_val": {
      "n": 16974,
      "rmse": 248.16582963488622,
      "mae": 177.0884548482561,
      "n_day": 8355,
      "rmse_day": 249.87963943500094,
      "mae_day": 194.9632264343298,
      "day_threshold": 20.0,
      "skill_vs_persistence": -0.5371442324474669,
      "skill_day_vs_persistence": -0.09515814695730862
    },
    "final_test": {
      "n": 17429,
      "rmse": 225.2781024628775,
      "mae": 158.47106344262528,
      "n_day": 8757,
      "rmse_day": 232.85204080955623,
      "mae_day": 180.97933669840077,
      "day_threshold": 20.0,
      "skill_vs_persistence": -0.5374738133063885,
      "skill_day_vs_persistence": -0.1389262049144686
    }
  },
  "training_log": [
    {
      "epoch": 1,
      "train_mse_norm": 0.7743890441947097,
      "val_rmse_phys": 263.6307418089329,
      "val_mae_phys": 203.43401362559703,
      "val_rmse_day_phys": 305.5267606173719,
      "val_mae_day_phys": 253.68548654388482,
      "lr": 0.002,
      "epoch_seconds": 211.8724765777588
    },
    {
      "epoch": 2,
      "train_mse_norm": 0.6294274523759231,
      "val_rmse_phys": 385.0929896460559,
      "val_mae_phys": 244.40926345262451,
      "val_rmse_day_phys": 546.6383137189865,
      "val_mae_day_phys": 446.271415375322,
      "lr": 0.002,
      "epoch_seconds": 211.6082694530487
    },
    {
      "epoch": 3,
      "train_mse_norm": 0.5959520138831819,
      "val_rmse_phys": 341.633373129855,
      "val_mae_phys": 275.58173462638615,
      "val_rmse_day_phys": 352.80686180859084,
      "val_mae_day_phys": 300.2712946053396,
      "lr": 0.002,
      "epoch_seconds": 212.26834344863892
    },
    {
      "epoch": 4,
      "train_mse_norm": 0.5678364955048074,
      "val_rmse_phys": 381.4161183616908,
      "val_mae_phys": 340.70219139206097,
      "val_rmse_day_phys": 335.1280134631119,
      "val_mae_day_phys": 288.84223504057906,
      "lr": 0.002,
      "epoch_seconds": 211.20817112922668
    },
    {
      "epoch": 5,
      "train_mse_norm": 0.5472522252668215,
      "val_rmse_phys": 379.7275710170574,
      "val_mae_phys": 241.0732124641448,
      "val_rmse_day_phys": 536.6578309409097,
      "val_mae_day_phys": 437.453025679985,
      "lr": 0.001,
      "epoch_seconds": 211.14065265655518
    },
    {
      "epoch": 6,
      "train_mse_norm": 0.5151992341878318,
      "val_rmse_phys": 315.90322525242175,
      "val_mae_phys": 214.03046090198066,
      "val_rmse_day_phys": 430.98921977504443,
      "val_mae_day_phys": 339.27943513551776,
      "lr": 0.001,
      "epoch_seconds": 211.7595603466034
    },
    {
      "epoch": 7,
      "train_mse_norm": 0.5098215540264807,
      "val_rmse_phys": 248.16582963488622,
      "val_mae_phys": 177.0884548482561,
      "val_rmse_day_phys": 249.87963943500094,
      "val_mae_day_phys": 194.9632264343298,
      "lr": 0.001,
      "epoch_seconds": 211.58470582962036
    },
    {
      "epoch": 8,
      "train_mse_norm": 0.5021030616215802,
      "val_rmse_phys": 317.0435160791637,
      "val_mae_phys": 240.7534160238702,
      "val_rmse_day_phys": 304.32114199177863,
      "val_mae_day_phys": 254.10060840745945,
      "lr": 0.001,
      "epoch_seconds": 211.2897548675537
    },
    {
      "epoch": 9,
      "train_mse_norm": 0.4947419679351063,
      "val_rmse_phys": 270.02829034114836,
      "val_mae_phys": 194.75014108716493,
      "val_rmse_day_phys": 258.79491027005395,
      "val_mae_day_phys": 207.34436907217503,
      "lr": 0.001,
      "epoch_seconds": 211.42942142486572
    },
    {
      "epoch": 10,
      "train_mse_norm": 0.4901696746349757,
      "val_rmse_phys": 317.4720294404742,
      "val_mae_phys": 209.87013754019316,
      "val_rmse_day_phys": 435.20140812405765,
      "val_mae_day_phys": 343.29067845781145,
      "lr": 0.001,
      "epoch_seconds": 211.85167503356934
    },
    {
      "epoch": 11,
      "train_mse_norm": 0.48680853110772854,
      "val_rmse_phys": 356.3111036597341,
      "val_mae_phys": 281.05690351369117,
      "val_rmse_day_phys": 424.7389184172683,
      "val_mae_day_phys": 349.3520235528495,
      "lr": 0.0005,
      "epoch_seconds": 211.62339067459106
    },
    {
      "epoch": 12,
      "train_mse_norm": 0.46731643620077795,
      "val_rmse_phys": 289.08065768837076,
      "val_mae_phys": 202.4008428349545,
      "val_rmse_day_phys": 316.6251145146721,
      "val_mae_day_phys": 246.81538616205532,
      "lr": 0.0005,
      "epoch_seconds": 211.60674953460693
    },
    {
      "epoch": 13,
      "train_mse_norm": 0.46614676234072594,
      "val_rmse_phys": 232.02277407012988,
      "val_mae_phys": 153.19777121239926,
      "val_rmse_day_phys": 262.1654484823917,
      "val_mae_day_phys": 199.56389108563098,
      "lr": 0.0005,
      "epoch_seconds": 211.3779845237732
    },
    {
      "epoch": 14,
      "train_mse_norm": 0.4631555218576864,
      "val_rmse_phys": 290.3088537091266,
      "val_mae_phys": 191.80501658067809,
      "val_rmse_day_phys": 380.92970769673457,
      "val_mae_day_phys": 293.509576412363,
      "lr": 0.0005,
      "epoch_seconds": 211.43343901634216
    },
    {
      "epoch": 15,
      "train_mse_norm": 0.4603526153595987,
      "val_rmse_phys": 309.5966635679182,
      "val_mae_phys": 206.9175757453876,
      "val_rmse_day_phys": 411.3018615463887,
      "val_mae_day_phys": 322.8643440607278,
      "lr": 0.00025,
      "epoch_seconds": 211.58218693733215
    }
  ]
}