{
  "run_name": "elpaso_H6_L24_P16_seed1_20260426_135459",
  "study_name": "resnet_lstm_elpaso_P16",
  "site": "elpaso",
  "device": "cuda",
  "seed": 1,
  "debug": false,
  "day_threshold": 20.0,
  "data_paths": {
    "site_dir": "/srv/projects/Proyecto_e_ladino/data/datasets/manifest_v1/elpaso/h1",
    "patches_root": "/srv/projects/Proyecto_e_ladino/data/patches_v1/elpaso/P16",
    "ground_path": "/srv/projects/Proyecto_e_ladino/data/ground_aligned/ground_10min_utc_elpaso.parquet",
    "run_dir": "/srv/projects/Proyecto_e_ladino/runs/resnet_lstm_optuna/elpaso_H6_L24_P16_seed1_20260426_135459"
  },
  "temporal": {
    "freq_min": 10,
    "history_steps_L": 24,
    "horizon_steps_H": 6,
    "history_hours": 4.0,
    "horizon_hours": 1.0
  },
  "spatial": {
    "grid_size": 256,
    "patch": 16,
    "site_center_rc": {
      "row": 91,
      "col": 53
    },
    "channels": 16
  },
  "target_norm": {
    "y_mean_train": 253.3309569286842,
    "y_std_train": 330.9109172989493,
    "y_percentiles_train": [
      0.0,
      42.4958,
      822.1867000000001,
      934.66228,
      1058.4838319999997
    ]
  },
  "baselines": {
    "persistence_train": {
      "n": 67769,
      "rmse": 151.52752842368395,
      "mae": 85.47757769629182,
      "n_day": 36929,
      "rmse_day": 202.8858811687818,
      "mae_day": 149.8020352839232,
      "day_threshold": 20.0
    },
    "persistence_val": {
      "n": 16980,
      "rmse": 161.44602724739167,
      "mae": 93.13768978798586,
      "n_day": 8355,
      "rmse_day": 228.16763051915703,
      "mae_day": 181.34662143626574,
      "day_threshold": 20.0
    },
    "persistence_test": {
      "n": 17459,
      "rmse": 146.5248386757287,
      "mae": 87.05203624491666,
      "n_day": 8757,
      "rmse_day": 204.44875164413472,
      "mae_day": 165.10202031517645,
      "day_threshold": 20.0
    }
  },
  "optuna": {
    "n_trials": 20,
    "best_trial_number": 13,
    "best_value_val_rmse_day": 248.21553150587874,
    "best_params": {
      "base": 24,
      "emb_dim": 64,
      "hidden_t": 64,
      "dropout": 0.2,
      "lr": 0.0008167717366853654,
      "weight_decay": 3.111022551966843e-05,
      "batch_size": 16
    }
  },
  "best_model": {
    "arch": "SmallResNetEncoder + LayerNorm + LSTM + MLP head",
    "best_epoch": 15,
    "train_seconds_total": 8962.964298009872,
    "n_params": 438353,
    "best_ckpt_path": "/srv/projects/Proyecto_e_ladino/runs/resnet_lstm_optuna/elpaso_H6_L24_P16_seed1_20260426_135459/best_model.pt",
    "final_val": {
      "n": 16974,
      "rmse": 221.96170005423676,
      "mae": 155.51154980839837,
      "n_day": 8355,
      "rmse_day": 258.43031758158287,
      "mae_day": 200.10543756216745,
      "day_threshold": 20.0,
      "skill_vs_persistence": -0.37483531703206663,
      "skill_day_vs_persistence": -0.13263356854592856
    },
    "final_test": {
      "n": 17429,
      "rmse": 182.46778800239267,
      "mae": 120.2877215396873,
      "n_day": 8757,
      "rmse_day": 223.76061046552473,
      "mae_day": 161.82940834832135,
      "day_threshold": 20.0,
      "skill_vs_persistence": -0.2453027735878106,
      "skill_day_vs_persistence": -0.0944581889891083
    }
  }
}