{
  "run_name": "elpaso_H18_L24_P16_seed7_20260501_092959",
  "study_name": "resnet_lstm_elpaso_P16",
  "site": "elpaso",
  "device": "cuda",
  "seed": 7,
  "debug": false,
  "day_threshold": 20.0,
  "data_paths": {
    "site_dir": "/srv/projects/Proyecto_e_ladino/data/datasets/manifest_v1/elpaso/h3",
    "patches_root": "/srv/projects/Proyecto_e_ladino/data/patches_v1/elpaso/P16",
    "ground_path": "/srv/projects/Proyecto_e_ladino/data/ground_aligned/ground_10min_utc_elpaso.parquet",
    "run_dir": "/srv/projects/Proyecto_e_ladino/runs/resnet_lstm_optuna/elpaso_H18_L24_P16_seed7_20260501_092959"
  },
  "temporal": {
    "freq_min": 10,
    "history_steps_L": 24,
    "horizon_steps_H": 18,
    "history_hours": 4.0,
    "horizon_hours": 3.0
  },
  "spatial": {
    "grid_size": 256,
    "patch": 16,
    "site_center_rc": {
      "row": 91,
      "col": 53
    },
    "channels": 16
  },
  "target_norm": {
    "y_mean_train": 257.92697964785924,
    "y_std_train": 333.79023189628583,
    "y_percentiles_train": [
      0.0,
      46.8406,
      830.73338,
      940.32124,
      1060.9813360000005
    ]
  },
  "baselines": {
    "persistence_train": {
      "n": 67757,
      "rmse": 309.1336034108842,
      "mae": 195.06606843573357,
      "n_day": 37140,
      "rmse_day": 386.88765276155976,
      "mae_day": 299.70014026117394,
      "day_threshold": 20.0
    },
    "persistence_val": {
      "n": 16980,
      "rmse": 328.47743608830115,
      "mae": 215.02438442285043,
      "n_day": 8438,
      "rmse_day": 430.63078605216106,
      "mae_day": 361.2121933278028,
      "day_threshold": 20.0
    },
    "persistence_test": {
      "n": 17447,
      "rmse": 316.2031679603426,
      "mae": 209.22957659196422,
      "n_day": 8861,
      "rmse_day": 411.01905686516415,
      "mae_day": 344.8571918970771,
      "day_threshold": 20.0
    }
  },
  "optuna": {
    "n_trials": 20,
    "best_trial_number": 3,
    "best_value_val_rmse_day": 254.74927546609135,
    "best_params": {
      "base": 32,
      "emb_dim": 192,
      "hidden_t": 128,
      "dropout": 0.0,
      "lr": 0.0003592556211941986,
      "weight_decay": 2.0100163674019264e-06,
      "batch_size": 64
    }
  },
  "best_model": {
    "arch": "SmallResNetEncoder + LayerNorm + LSTM + MLP head",
    "best_epoch": 8,
    "train_seconds_total": 5448.328383684158,
    "n_params": 905729,
    "best_ckpt_path": "/srv/projects/Proyecto_e_ladino/runs/resnet_lstm_optuna/elpaso_H18_L24_P16_seed7_20260501_092959/best_model.pt",
    "final_val": {
      "n": 16974,
      "rmse": 213.1946182947255,
      "mae": 142.9631224122446,
      "n_day": 8433,
      "rmse_day": 260.1165727746962,
      "mae_day": 205.3425528029735,
      "day_threshold": 20.0,
      "skill_vs_persistence": 0.3509611471838998,
      "skill_day_vs_persistence": 0.39596382516137985
    },
    "final_test": {
      "n": 17429,
      "rmse": 159.2266666771837,
      "mae": 100.29975611046346,
      "n_day": 8861,
      "rmse_day": 204.3006465012787,
      "mae_day": 150.03819058100453,
      "day_threshold": 20.0,
      "skill_vs_persistence": 0.49644189935139116,
      "skill_day_vs_persistence": 0.502941182193653
    }
  }
}