{
  "run_name": "uniandes_H18_L24_P16_seed7_20260629_011113",
  "study_name": "resnet_lstm_uniandes_P16",
  "site": "uniandes",
  "device": "cuda",
  "seed": 7,
  "debug": false,
  "day_threshold": 20.0,
  "data_paths": {
    "site_dir": "/srv/projects/Proyecto_e_ladino/data/datasets/manifest_v1/uniandes/h3",
    "patches_root": "/srv/projects/Proyecto_e_ladino/data/patches_v1/uniandes/P16",
    "ground_path": "/srv/projects/Proyecto_e_ladino/data/ground_aligned/ground_10min_utc_uniandes.parquet",
    "run_dir": "runs/resnet_lstm_optuna_v2/uniandes_H18_L24_P16_seed7_20260629_011113"
  },
  "temporal": {
    "freq_min": 10,
    "history_steps_L": 24,
    "horizon_steps_H": 18,
    "history_hours": 4.0,
    "horizon_hours": 3.0
  },
  "spatial": {
    "grid_size": 256,
    "patch": 16,
    "site_center_rc": {
      "row": 160,
      "col": 49
    },
    "channels": 16
  },
  "target_norm": {
    "y_mean_train": 176.12705206594896,
    "y_std_train": 279.60664470861093,
    "y_percentiles_train": [
      0.0,
      1.45,
      614.2736,
      846.2329999999998,
      1086.98496
    ]
  },
  "baselines": {
    "persistence_train": {
      "n": 54507,
      "rmse": 297.47920806960843,
      "mae": 176.6130889610509,
      "n_day": 24893,
      "rmse_day": 406.97961339298257,
      "mae_day": 319.8906504639858,
      "day_threshold": 20.0
    },
    "persistence_val": {
      "n": 12424,
      "rmse": 279.2358520044971,
      "mae": 159.75912910495813,
      "n_day": 5363,
      "rmse_day": 388.4280430826495,
      "mae_day": 303.88528883087827,
      "day_threshold": 20.0
    },
    "persistence_test": {
      "n": 12093,
      "rmse": 289.8663399192236,
      "mae": 166.1633237410072,
      "n_day": 5413,
      "rmse_day": 405.0128725291247,
      "mae_day": 313.1511483465731,
      "day_threshold": 20.0
    }
  },
  "optuna": {
    "n_trials": 100,
    "best_trial_number": 92,
    "best_value_val_rmse_day": 256.340089433006,
    "best_params": {
      "base": 32,
      "emb_dim": 128,
      "hidden_t": 64,
      "n_lstm_layers": 1,
      "dropout": 0.3,
      "lr": 0.0003523897415434959,
      "weight_decay": 0.0007441533191945598,
      "l1_reg": 0.0,
      "batch_size": 16
    }
  },
  "best_model": {
    "arch": "SmallResNetEncoder + LayerNorm + LSTM + MLP head",
    "best_epoch": 7,
    "train_seconds_total": 3349.0112659931183,
    "n_params": 769729,
    "best_ckpt_path": "runs/resnet_lstm_optuna_v2/uniandes_H18_L24_P16_seed7_20260629_011113/best_model.pt",
    "final_val": {
      "n": 12407,
      "rmse": 223.89435088247077,
      "mae": 167.08545942837662,
      "n_day": 5356,
      "rmse_day": 259.60393863566065,
      "mae_day": 205.0822160135373,
      "day_threshold": 20.0,
      "skill_vs_persistence": 0.19818909615207958,
      "skill_day_vs_persistence": 0.3316550046814678
    },
    "final_test": {
      "n": 12075,
      "rmse": 223.3993691469631,
      "mae": 171.53313206200767,
      "n_day": 5402,
      "rmse_day": 252.99035262954163,
      "mae_day": 200.66896669655455,
      "day_threshold": 20.0,
      "skill_vs_persistence": 0.2293021355662872,
      "skill_day_vs_persistence": 0.3753523164591557
    }
  }
}