{
  "run_name": "uniandes_H36_L24_P16_seed42_20260311_083135",
  "study_name": "graphsage_lstm_uniandes_P16",
  "site": "uniandes",
  "device": "cuda",
  "seed": 42,
  "day_threshold": 20.0,
  "data_paths": {
    "site_dir": "/srv/projects/Proyecto_e_ladino/data/datasets/manifest_v1/uniandes",
    "mcmipf_root": "/srv/projects/Proyecto_e_ladino/data_processed/GOES_v2/MCMIPF",
    "patches_root": "/srv/projects/Proyecto_e_ladino/data/patches_v1/uniandes/P16",
    "ground_path": "/srv/projects/Proyecto_e_ladino/data/ground_aligned/ground_10min_utc_uniandes.parquet",
    "run_dir": "/srv/projects/Proyecto_e_ladino/runs/graphsage_lstm_optuna/uniandes_H36_L24_P16_seed42_20260311_083135"
  },
  "temporal": {
    "freq_min": 10,
    "history_steps_L": 24,
    "horizon_steps_H": 36,
    "history_hours": 4.0,
    "horizon_hours": 6.0
  },
  "spatial": {
    "grid_size": 256,
    "patch": 16,
    "site_center_rc": {
      "row": 160,
      "col": 49
    },
    "nodes": 256,
    "channels": 16
  },
  "target_norm": {
    "y_mean_train": 180.78839786820285,
    "y_std_train": 283.1064661153594
  },
  "baselines": {
    "persistence_train": {
      "n": 54470,
      "rmse": 419.8303181060779,
      "mae": 281.04479528180656,
      "n_day": 25215,
      "rmse_day": 498.6695422994848,
      "mae_day": 398.23299048185606,
      "day_threshold": 20.0
    },
    "persistence_val": {
      "n": 12406,
      "rmse": 378.32913327097435,
      "mae": 247.05014589714656,
      "n_day": 5467,
      "rmse_day": 462.17602240706213,
      "mae_day": 370.62950722516916,
      "day_threshold": 20.0
    },
    "persistence_test": {
      "n": 12075,
      "rmse": 389.517844176586,
      "mae": 250.79533714285714,
      "n_day": 5465,
      "rmse_day": 470.92567245567665,
      "mae_day": 369.5877123513266,
      "day_threshold": 20.0
    }
  },
  "optuna": {
    "n_trials": 30,
    "best_value_val_rmse_day": 281.01911642614334,
    "best_params": {
      "hidden_g": 32,
      "hidden_t": 96,
      "lr": 0.00010905817062217421,
      "batch_size": 8,
      "weight_decay": 0.00012148461943149346,
      "dropout_head": 0.1
    }
  },
  "best_model": {
    "arch": "GraphSAGE(2) + mean pool + LSTM + MLP head",
    "best_epoch": 6,
    "train_seconds_total": 2465.3407797813416,
    "final_val": {
      "n": 12407,
      "rmse": 235.59620167761219,
      "mae": 177.11146920761362,
      "n_day": 5468,
      "rmse_day": 286.6627711040193,
      "mae_day": 224.99087439860057,
      "day_threshold": 20.0,
      "skill_vs_persistence": 0.37727184887750054,
      "skill_day_vs_persistence": 0.37975412568776645
    },
    "final_test": {
      "n": 12075,
      "rmse": 245.09533880054656,
      "mae": 185.85355762300037,
      "n_day": 5465,
      "rmse_day": 288.17620898535955,
      "mae_day": 235.40750579415172,
      "day_threshold": 20.0,
      "skill_vs_persistence": 0.3707725012735664,
      "skill_day_vs_persistence": 0.38806434679459534
    },
    "n_params": 62529
  }
}