{
  "run_name": "elpaso_H6_L24_P16_seed1_20260507_235831",
  "study_name": "graphsage_lstm_elpaso_P16",
  "site": "elpaso",
  "device": "cuda",
  "seed": 1,
  "debug": false,
  "day_threshold": 20.0,
  "data_paths": {
    "site_dir": "/srv/projects/Proyecto_e_ladino/data/datasets/manifest_v1/elpaso/h1",
    "patches_root": "/srv/projects/Proyecto_e_ladino/data/patches_v1/elpaso/P16",
    "ground_path": "/srv/projects/Proyecto_e_ladino/data/ground_aligned/ground_10min_utc_elpaso.parquet",
    "run_dir": "/srv/projects/Proyecto_e_ladino/runs/graphsage_lstm_optuna/elpaso_H6_L24_P16_seed1_20260507_235831"
  },
  "temporal": {
    "freq_min": 10,
    "history_steps_L": 24,
    "horizon_steps_H": 6,
    "history_hours": 4.0,
    "horizon_hours": 1.0
  },
  "spatial": {
    "grid_size": 256,
    "patch": 16,
    "site_center_rc": {
      "row": 91,
      "col": 53
    },
    "n_nodes": 256,
    "n_edges": 1860,
    "channels": 16
  },
  "target_norm": {
    "y_mean_train": 253.3309569286842,
    "y_std_train": 330.9109172989493,
    "y_percentiles_train": [
      0.0,
      42.4958,
      822.1867000000001,
      934.66228,
      1058.4838319999997
    ]
  },
  "baselines": {
    "persistence_train": {
      "n": 67769,
      "rmse": 151.52752842368395,
      "mae": 85.47757769629182,
      "n_day": 36929,
      "rmse_day": 202.8858811687818,
      "mae_day": 149.8020352839232,
      "day_threshold": 20.0
    },
    "persistence_val": {
      "n": 16980,
      "rmse": 161.44602724739167,
      "mae": 93.13768978798586,
      "n_day": 8355,
      "rmse_day": 228.16763051915703,
      "mae_day": 181.34662143626574,
      "day_threshold": 20.0
    },
    "persistence_test": {
      "n": 17459,
      "rmse": 146.5248386757287,
      "mae": 87.05203624491666,
      "n_day": 8757,
      "rmse_day": 204.44875164413472,
      "mae_day": 165.10202031517645,
      "day_threshold": 20.0
    }
  },
  "optuna": {
    "n_trials": 20,
    "best_trial_number": 10,
    "best_value_val_rmse_day": 245.18431989476156,
    "best_params": {
      "hidden_g": 64,
      "n_sage_layers": 2,
      "hidden_t": 128,
      "n_lstm_layers": 1,
      "input_bn": true,
      "concat_agg": false,
      "dropout_head": 0.1,
      "lr": 0.00040332002542302716,
      "weight_decay": 4.7553701077562876e-05,
      "batch_size": 16
    }
  },
  "best_model": {
    "arch": "GraphSAGE_LSTM (improved)",
    "best_epoch": 4,
    "train_seconds_total": 2668.570513486862,
    "n_params": 126625,
    "best_ckpt_path": "/srv/projects/Proyecto_e_ladino/runs/graphsage_lstm_optuna/elpaso_H6_L24_P16_seed1_20260507_235831/best_model.pt",
    "final_val": {
      "n": 16974,
      "rmse": 218.4580793336774,
      "mae": 160.91939540138034,
      "n_day": 8355,
      "rmse_day": 257.38502410974195,
      "mae_day": 197.75894224850595,
      "day_threshold": 20.0,
      "skill_vs_persistence": -0.3531338185170827,
      "skill_day_vs_persistence": -0.12805231629089775
    },
    "final_test": {
      "n": 17429,
      "rmse": 218.06908855119931,
      "mae": 157.8741034645038,
      "n_day": 8757,
      "rmse_day": 239.36324894636937,
      "mae_day": 181.46143449010324,
      "day_threshold": 20.0,
      "skill_vs_persistence": -0.4882738689363266,
      "skill_day_vs_persistence": -0.17077383462338758
    }
  }
}