{
  "run_name": "elpaso_H18_L24_P16_seed42_20260422_143106",
  "site": "elpaso",
  "device": "cuda",
  "seed": 42,
  "debug": false,
  "data_paths": {
    "site_dir": "/srv/projects/Proyecto_e_ladino/data/datasets/manifest_v1/elpaso/h3",
    "patches_root": "/srv/projects/Proyecto_e_ladino/data/patches_v1/elpaso/P16",
    "ground_path": "/srv/projects/Proyecto_e_ladino/data/ground_aligned/ground_10min_utc_elpaso.parquet",
    "run_dir": "/srv/projects/Proyecto_e_ladino/runs/resnet_lstm/elpaso_H18_L24_P16_seed42_20260422_143106"
  },
  "temporal": {
    "freq_min": 10,
    "history_steps_L": 24,
    "horizon_steps_H": 18,
    "history_hours": 4.0,
    "horizon_hours": 3.0
  },
  "spatial": {
    "grid_size": 256,
    "patch": 16,
    "site_center_rc": {
      "row": 91,
      "col": 53
    },
    "channels": 16
  },
  "target_norm": {
    "y_mean_train": 257.92697964785924,
    "y_std_train": 333.79023189628583,
    "y_percentiles_train": [
      0.0,
      46.8406,
      830.73338,
      940.32124,
      1060.9813360000005
    ]
  },
  "baselines": {
    "persistence_train": {
      "n": 67757,
      "rmse": 309.1336034108842,
      "mae": 195.06606843573357,
      "n_day": 37140,
      "rmse_day": 386.88765276155976,
      "mae_day": 299.70014026117394,
      "day_threshold": 20.0
    },
    "persistence_val": {
      "n": 16980,
      "rmse": 328.47743608830115,
      "mae": 215.02438442285043,
      "n_day": 8438,
      "rmse_day": 430.63078605216106,
      "mae_day": 361.2121933278028,
      "day_threshold": 20.0
    },
    "persistence_test": {
      "n": 17447,
      "rmse": 316.2031679603426,
      "mae": 209.22957659196422,
      "n_day": 8861,
      "rmse_day": 411.01905686516415,
      "mae_day": 344.8571918970771,
      "day_threshold": 20.0
    }
  },
  "model": {
    "arch": "SmallResNetEncoder + LayerNorm + LSTM + MLP head",
    "base": 32,
    "emb_dim": 128,
    "hidden_t": 128,
    "dropout": 0.1,
    "optimizer": "AdamW",
    "lr_init": 0.002,
    "weight_decay": 0.0001,
    "batch_size": 16,
    "num_workers": 4,
    "use_amp": true,
    "grad_clip_norm": 1.0,
    "epochs_max": 30,
    "patience": 8,
    "day_threshold": 20.0,
    "best_epoch": 19,
    "best_val_rmse_day": 250.93990648836424,
    "train_seconds_total": 5674.948470115662,
    "n_params": 864577,
    "best_ckpt_path": "/srv/projects/Proyecto_e_ladino/runs/resnet_lstm/elpaso_H18_L24_P16_seed42_20260422_143106/best_model.pt",
    "final_val": {
      "n": 16974,
      "rmse": 198.03039627435172,
      "mae": 129.38723399437708,
      "n_day": 8433,
      "rmse_day": 250.93990648836424,
      "mae_day": 198.56721069922187,
      "day_threshold": 20.0,
      "skill_vs_persistence": 0.397126333447401,
      "skill_day_vs_persistence": 0.4172736492231003
    },
    "final_test": {
      "n": 17429,
      "rmse": 173.4499541418147,
      "mae": 115.54400585826139,
      "n_day": 8861,
      "rmse_day": 217.44614400982377,
      "mae_day": 166.3278989233291,
      "day_threshold": 20.0,
      "skill_vs_persistence": 0.45146041622338284,
      "skill_day_vs_persistence": 0.47095848628459824
    }
  },
  "training_log": [
    {
      "epoch": 1,
      "train_mse_norm": 0.6402287213171378,
      "val_rmse_phys": 399.3025724843525,
      "val_mae_phys": 245.82048306600552,
      "val_rmse_day_phys": 565.8023516910731,
      "val_mae_day_phys": 468.0812532960287,
      "lr": 0.002,
      "epoch_seconds": 210.39622330665588
    },
    {
      "epoch": 2,
      "train_mse_norm": 0.549015423531099,
      "val_rmse_phys": 363.0379437262451,
      "val_mae_phys": 274.18654493320895,
      "val_rmse_day_phys": 356.5617688980755,
      "val_mae_day_phys": 292.270601605289,
      "lr": 0.002,
      "epoch_seconds": 210.60415768623352
    },
    {
      "epoch": 3,
      "train_mse_norm": 0.5312075457163067,
      "val_rmse_phys": 373.4713353391584,
      "val_mae_phys": 252.7355738909854,
      "val_rmse_day_phys": 523.237303919473,
      "val_mae_day_phys": 424.7406131034642,
      "lr": 0.002,
      "epoch_seconds": 210.08502101898193
    },
    {
      "epoch": 4,
      "train_mse_norm": 0.5080974276433182,
      "val_rmse_phys": 533.5894012451225,
      "val_mae_phys": 447.19829836202985,
      "val_rmse_day_phys": 417.7150512646493,
      "val_mae_day_phys": 340.75319526244436,
      "lr": 0.002,
      "epoch_seconds": 209.91366505622864
    },
    {
      "epoch": 5,
      "train_mse_norm": 0.4923461709333426,
      "val_rmse_phys": 388.3859466400738,
      "val_mae_phys": 250.09549267524906,
      "val_rmse_day_phys": 547.9664320453961,
      "val_mae_day_phys": 448.6030033491097,
      "lr": 0.002,
      "epoch_seconds": 210.20477509498596
    },
    {
      "epoch": 6,
      "train_mse_norm": 0.4811772855375284,
      "val_rmse_phys": 313.93818838828685,
      "val_mae_phys": 217.42576973713847,
      "val_rmse_day_phys": 327.042314276343,
      "val_mae_day_phys": 265.42658334698353,
      "lr": 0.002,
      "epoch_seconds": 209.77285051345825
    },
    {
      "epoch": 7,
      "train_mse_norm": 0.47154051433398747,
      "val_rmse_phys": 311.1146672430211,
      "val_mae_phys": 198.97674180830103,
      "val_rmse_day_phys": 337.2405839876193,
      "val_mae_day_phys": 259.2156172419561,
      "lr": 0.002,
      "epoch_seconds": 209.79746985435486
    },
    {
      "epoch": 8,
      "train_mse_norm": 0.46541755969636583,
      "val_rmse_phys": 377.2265246782092,
      "val_mae_phys": 235.02381440125913,
      "val_rmse_day_phys": 527.987015127748,
      "val_mae_day_phys": 428.7213879900443,
      "lr": 0.002,
      "epoch_seconds": 209.97057127952576
    },
    {
      "epoch": 9,
      "train_mse_norm": 0.4578855318709307,
      "val_rmse_phys": 289.6357561793629,
      "val_mae_phys": 217.88552618043587,
      "val_rmse_day_phys": 305.9872878805333,
      "val_mae_day_phys": 258.11000638781076,
      "lr": 0.002,
      "epoch_seconds": 209.70776200294495
    },
    {
      "epoch": 10,
      "train_mse_norm": 0.4566969736683788,
      "val_rmse_phys": 244.71433450346854,
      "val_mae_phys": 170.1136192932165,
      "val_rmse_day_phys": 317.6196943598533,
      "val_mae_day_phys": 250.0013677813497,
      "lr": 0.002,
      "epoch_seconds": 210.1209008693695
    },
    {
      "epoch": 11,
      "train_mse_norm": 0.4494041741936062,
      "val_rmse_phys": 239.0034364162659,
      "val_mae_phys": 167.26498609866243,
      "val_rmse_day_phys": 277.5834316972667,
      "val_mae_day_phys": 218.8124190359569,
      "lr": 0.002,
      "epoch_seconds": 209.96259760856628
    },
    {
      "epoch": 12,
      "train_mse_norm": 0.4433460004661139,
      "val_rmse_phys": 393.00635386999096,
      "val_mae_phys": 251.8589922456729,
      "val_rmse_day_phys": 549.7990150657192,
      "val_mae_day_phys": 451.2266528422363,
      "lr": 0.002,
      "epoch_seconds": 210.96803259849548
    },
    {
      "epoch": 13,
      "train_mse_norm": 0.43551723721024066,
      "val_rmse_phys": 385.1230402544337,
      "val_mae_phys": 254.09401408834088,
      "val_rmse_day_phys": 536.8359809989665,
      "val_mae_day_phys": 437.6295922929729,
      "lr": 0.002,
      "epoch_seconds": 210.31566715240479
    },
    {
      "epoch": 14,
      "train_mse_norm": 0.4336836590872876,
      "val_rmse_phys": 234.70492005782552,
      "val_mae_phys": 171.36161612722722,
      "val_rmse_day_phys": 272.44092092652346,
      "val_mae_day_phys": 223.41631339303996,
      "lr": 0.002,
      "epoch_seconds": 209.77111268043518
    },
    {
      "epoch": 15,
      "train_mse_norm": 0.4281534384997684,
      "val_rmse_phys": 382.50478758592044,
      "val_mae_phys": 238.034738397941,
      "val_rmse_day_phys": 533.4344581545548,
      "val_mae_day_phys": 434.081082416771,
      "lr": 0.002,
      "epoch_seconds": 210.3162853717804
    },
    {
      "epoch": 16,
      "train_mse_norm": 0.4272674278342497,
      "val_rmse_phys": 379.8243067988261,
      "val_mae_phys": 234.40221519016245,