{
  "run_name": "elpaso_H18_L24_P16_seed1_20260630_231958",
  "study_name": "resnet_lstm_elpaso_P16",
  "site": "elpaso",
  "device": "cuda",
  "seed": 1,
  "debug": false,
  "day_threshold": 20.0,
  "data_paths": {
    "site_dir": "/srv/projects/Proyecto_e_ladino/data/datasets/manifest_v1/elpaso/h3",
    "patches_root": "/srv/projects/Proyecto_e_ladino/data/patches_v1/elpaso/P16",
    "ground_path": "/srv/projects/Proyecto_e_ladino/data/ground_aligned/ground_10min_utc_elpaso.parquet",
    "run_dir": "runs/resnet_lstm_optuna_v2/elpaso_H18_L24_P16_seed1_20260630_231958"
  },
  "temporal": {
    "freq_min": 10,
    "history_steps_L": 24,
    "horizon_steps_H": 18,
    "history_hours": 4.0,
    "horizon_hours": 3.0
  },
  "spatial": {
    "grid_size": 256,
    "patch": 16,
    "site_center_rc": {
      "row": 91,
      "col": 53
    },
    "channels": 16
  },
  "target_norm": {
    "y_mean_train": 257.92697964785924,
    "y_std_train": 333.79023189628583,
    "y_percentiles_train": [
      0.0,
      46.8406,
      830.73338,
      940.32124,
      1060.9813360000005
    ]
  },
  "baselines": {
    "persistence_train": {
      "n": 67757,
      "rmse": 309.1336034108842,
      "mae": 195.06606843573357,
      "n_day": 37140,
      "rmse_day": 386.88765276155976,
      "mae_day": 299.70014026117394,
      "day_threshold": 20.0
    },
    "persistence_val": {
      "n": 16980,
      "rmse": 328.47743608830115,
      "mae": 215.02438442285043,
      "n_day": 8438,
      "rmse_day": 430.63078605216106,
      "mae_day": 361.2121933278028,
      "day_threshold": 20.0
    },
    "persistence_test": {
      "n": 17447,
      "rmse": 316.2031679603426,
      "mae": 209.22957659196422,
      "n_day": 8861,
      "rmse_day": 411.01905686516415,
      "mae_day": 344.8571918970771,
      "day_threshold": 20.0
    }
  },
  "optuna": {
    "n_trials": 100,
    "best_trial_number": 71,
    "best_value_val_rmse_day": 250.4694525935362,
    "best_params": {
      "base": 32,
      "emb_dim": 192,
      "hidden_t": 256,
      "n_lstm_layers": 2,
      "dropout": 0.3,
      "lr": 0.001937907625612078,
      "weight_decay": 1.4773573709867042e-05,
      "l1_reg": 0.0,
      "batch_size": 32
    }
  },
  "best_model": {
    "arch": "SmallResNetEncoder + LayerNorm + LSTM + MLP head",
    "best_epoch": 4,
    "train_seconds_total": 3410.2035853862762,
    "n_params": 1777409,
    "best_ckpt_path": "runs/resnet_lstm_optuna_v2/elpaso_H18_L24_P16_seed1_20260630_231958/best_model.pt",
    "final_val": {
      "n": 16974,
      "rmse": 214.94376179055794,
      "mae": 147.67593793261102,
      "n_day": 8433,
      "rmse_day": 277.8927087611669,
      "mae_day": 223.06508816601783,
      "day_threshold": 20.0,
      "skill_vs_persistence": 0.34563614368697093,
      "skill_day_vs_persistence": 0.35468452845936127
    },
    "final_test": {
      "n": 17429,
      "rmse": 202.5494088112652,
      "mae": 138.98211511021753,
      "n_day": 8861,
      "rmse_day": 268.26256034105734,
      "mae_day": 212.10045058527348,
      "day_threshold": 20.0,
      "skill_vs_persistence": 0.3594327023419709,
      "skill_day_vs_persistence": 0.3473233032378329
    }
  }
}