{
  "run_name": "uniandes_H18_L24_P16_seed42_20260506_210510",
  "study_name": "graphsage_lstm_uniandes_P16",
  "site": "uniandes",
  "device": "cuda",
  "seed": 42,
  "debug": false,
  "day_threshold": 20.0,
  "data_paths": {
    "site_dir": "/srv/projects/Proyecto_e_ladino/data/datasets/manifest_v1/uniandes/h3",
    "patches_root": "/srv/projects/Proyecto_e_ladino/data/patches_v1/uniandes/P16",
    "ground_path": "/srv/projects/Proyecto_e_ladino/data/ground_aligned/ground_10min_utc_uniandes.parquet",
    "run_dir": "/srv/projects/Proyecto_e_ladino/runs/graphsage_lstm_optuna/uniandes_H18_L24_P16_seed42_20260506_210510"
  },
  "temporal": {
    "freq_min": 10,
    "history_steps_L": 24,
    "horizon_steps_H": 18,
    "history_hours": 4.0,
    "horizon_hours": 3.0
  },
  "spatial": {
    "grid_size": 256,
    "patch": 16,
    "site_center_rc": {
      "row": 160,
      "col": 49
    },
    "n_nodes": 256,
    "n_edges": 1860,
    "channels": 16
  },
  "target_norm": {
    "y_mean_train": 176.12705206594896,
    "y_std_train": 279.60664470861093,
    "y_percentiles_train": [
      0.0,
      1.45,
      614.2736,
      846.2329999999998,
      1086.98496
    ]
  },
  "baselines": {
    "persistence_train": {
      "n": 54507,
      "rmse": 297.47920806960843,
      "mae": 176.6130889610509,
      "n_day": 24893,
      "rmse_day": 406.97961339298257,
      "mae_day": 319.8906504639858,
      "day_threshold": 20.0
    },
    "persistence_val": {
      "n": 12424,
      "rmse": 279.2358520044971,
      "mae": 159.75912910495813,
      "n_day": 5363,
      "rmse_day": 388.4280430826495,
      "mae_day": 303.88528883087827,
      "day_threshold": 20.0
    },
    "persistence_test": {
      "n": 12093,
      "rmse": 289.8663399192236,
      "mae": 166.1633237410072,
      "n_day": 5413,
      "rmse_day": 405.0128725291247,
      "mae_day": 313.1511483465731,
      "day_threshold": 20.0
    }
  },
  "optuna": {
    "n_trials": 20,
    "best_trial_number": 1,
    "best_value_val_rmse_day": 255.55834776890006,
    "best_params": {
      "hidden_g": 128,
      "n_sage_layers": 2,
      "hidden_t": 96,
      "n_lstm_layers": 2,
      "input_bn": true,
      "concat_agg": false,
      "dropout_head": 0.1,
      "lr": 0.000732124974607872,
      "weight_decay": 0.0009081401859341203,
      "batch_size": 8
    }
  },
  "best_model": {
    "arch": "GraphSAGE_LSTM (improved)",
    "best_epoch": 7,
    "train_seconds_total": 3425.4170804023743,
    "n_params": 208353,
    "best_ckpt_path": "/srv/projects/Proyecto_e_ladino/runs/graphsage_lstm_optuna/uniandes_H18_L24_P16_seed42_20260506_210510/best_model.pt",
    "final_val": {
      "n": 12407,
      "rmse": 172.81890976344974,
      "mae": 104.22846053433935,
      "n_day": 5356,
      "rmse_day": 255.2837797489057,
      "mae_day": 198.16586989017455,
      "day_threshold": 20.0,
      "skill_vs_persistence": 0.38110056956201355,
      "skill_day_vs_persistence": 0.34277716479243525
    },
    "final_test": {
      "n": 12075,
      "rmse": 175.15888612774873,
      "mae": 108.50925555369375,
      "n_day": 5402,
      "rmse_day": 252.59999350322676,
      "mae_day": 197.29483205942876,
      "day_threshold": 20.0,
      "skill_vs_persistence": 0.3957253326600141,
      "skill_day_vs_persistence": 0.37631613551971366
    }
  }
}