{
  "run_name": "elpaso_H36_L24_P16_seed42_20260716_043933",
  "study_name": "resnet_lstm_elpaso_P16",
  "site": "elpaso",
  "device": "cuda",
  "seed": 42,
  "debug": false,
  "day_threshold": 20.0,
  "data_paths": {
    "site_dir": "/home/estebanladino/Documents/solar-forecasting-uq/data/datasets/manifest_v1/elpaso/h6",
    "patches_root": "/home/estebanladino/Documents/solar-forecasting-uq/data/patches_v1/elpaso/P16",
    "ground_path": "/home/estebanladino/Documents/solar-forecasting-uq/data/ground_aligned/ground_10min_utc_elpaso.parquet",
    "run_dir": "runs/resnet_lstm_optuna_v2/elpaso_H36_L24_P16_seed42_20260716_043933"
  },
  "temporal": {
    "freq_min": 10,
    "history_steps_L": 24,
    "horizon_steps_H": 36,
    "history_hours": 4.0,
    "horizon_hours": 6.0
  },
  "spatial": {
    "grid_size": 256,
    "patch": 16,
    "site_center_rc": {
      "row": 91,
      "col": 53
    },
    "channels": 16
  },
  "target_norm": {
    "y_mean_train": 261.92635188591504,
    "y_std_train": 334.4136966237947,
    "y_percentiles_train": [
      0.0,
      54.8177,
      832.6579800000001,
      940.6390899999999,
      1061.0064279999995
    ]
  },
  "baselines": {
    "persistence_train": {
      "n": 67739,
      "rmse": 478.02554452757306,
      "mae": 335.90022509484936,
      "n_day": 37595,
      "rmse_day": 529.8506724188508,
      "mae_day": 419.28558613911423,
      "day_threshold": 20.0
    },
    "persistence_val": {
      "n": 16974,
      "rmse": 508.34324726745825,
      "mae": 371.86558640862495,
      "n_day": 8544,
      "rmse_day": 579.1280983328007,
      "mae_day": 491.96823967696616,
      "day_threshold": 20.0
    },
    "persistence_test": {
      "n": 17429,
      "rmse": 494.54338746068777,
      "mae": 365.92797373343285,
      "n_day": 9035,
      "rmse_day": 565.3265559462145,
      "mae_day": 483.2841778085223,
      "day_threshold": 20.0
    }
  },
  "optuna": {
    "n_trials": 75,
    "best_trial_number": 57,
    "best_value_val_rmse_day": 206.98871925357088,
    "best_params": {
      "base": 24,
      "emb_dim": 64,
      "hidden_t": 64,
      "n_lstm_layers": 2,
      "dropout": 0.2,
      "lr": 0.00032736612751078854,
      "weight_decay": 4.306567445033347e-05,
      "l1_reg": 0.0,
      "batch_size": 16
    }
  },
  "best_model": {
    "arch": "SmallResNetEncoder + LayerNorm + LSTM + MLP head",
    "best_epoch": 18,
    "train_seconds_total": 4999.7216193675995,
    "n_params": 471633,
    "best_ckpt_path": "runs/resnet_lstm_optuna_v2/elpaso_H36_L24_P16_seed42_20260716_043933/best_model.pt",
    "final_val": {
      "n": 16974,
      "rmse": 159.04517930456345,
      "mae": 107.59964122122724,
      "n_day": 8544,
      "rmse_day": 214.40751473145468,
      "mae_day": 168.23273900742834,
      "day_threshold": 20.0,
      "skill_vs_persistence": 0.6871303392747075,
      "skill_day_vs_persistence": 0.6297753202638714
    },
    "final_test": {
      "n": 17429,
      "rmse": 153.60559644718646,
      "mae": 107.19909577356285,
      "n_day": 9035,
      "rmse_day": 208.63053214091363,
      "mae_day": 168.27349740024687,
      "day_threshold": 20.0,
      "skill_vs_persistence": 0.6893991501212893,
      "skill_day_vs_persistence": 0.6309557194041271
    }
  }
}