{
  "run_name": "elpaso_H18_L24_P16_seed42_20260520_085142",
  "study_name": "mlp_elpaso_P16",
  "site": "elpaso",
  "device": "cuda",
  "seed": 42,
  "debug": false,
  "day_threshold": 20.0,
  "data_paths": {
    "site_dir": "/srv/projects/Proyecto_e_ladino/data/datasets/manifest_v1/elpaso/h3",
    "patches_root": "/srv/projects/Proyecto_e_ladino/data/patches_v1/elpaso/P16",
    "ground_path": "/srv/projects/Proyecto_e_ladino/data/ground_aligned/ground_10min_utc_elpaso.parquet",
    "run_dir": "/srv/projects/Proyecto_e_ladino/runs/mlp_optuna/elpaso_H18_L24_P16_seed42_20260520_085142"
  },
  "temporal": {
    "freq_min": 10,
    "history_steps_L": 24,
    "horizon_steps_H": 18,
    "history_hours": 4.0,
    "horizon_hours": 3.0
  },
  "spatial": {
    "grid_size": 256,
    "patch": 16,
    "channels": 16,
    "mlp_input_dim": 384,
    "note": "spatial avg-pool over P\u00d7P before MLP; no spatial structure exploited"
  },
  "target_norm": {
    "y_mean_train": 257.92697964785924,
    "y_std_train": 333.79023189628583,
    "y_percentiles_train": [
      0.0,
      46.8406,
      830.73338,
      940.32124,
      1060.9813360000005
    ]
  },
  "baselines": {
    "persistence_train": {
      "n": 67757,
      "rmse": 309.1336034108842,
      "mae": 195.06606843573357,
      "n_day": 37140,
      "rmse_day": 386.88765276155976,
      "mae_day": 299.70014026117394,
      "day_threshold": 20.0
    },
    "persistence_val": {
      "n": 16980,
      "rmse": 328.47743608830115,
      "mae": 215.02438442285043,
      "n_day": 8438,
      "rmse_day": 430.63078605216106,
      "mae_day": 361.2121933278028,
      "day_threshold": 20.0
    },
    "persistence_test": {
      "n": 17447,
      "rmse": 316.2031679603426,
      "mae": 209.22957659196422,
      "n_day": 8861,
      "rmse_day": 411.01905686516415,
      "mae_day": 344.8571918970771,
      "day_threshold": 20.0
    }
  },
  "optuna": {
    "n_trials": 50,
    "best_trial_number": 20,
    "best_value_val_rmse_day": 271.9481356812664,
    "best_params": {
      "n_layers": 4,
      "hidden_dim": 512,
      "dropout": 0.0,
      "lr": 0.0002039019885078412,
      "weight_decay": 2.757136708367328e-06,
      "batch_size": 32
    }
  },
  "best_model": {
    "arch": "FlatMLP",
    "best_epoch": 13,
    "train_seconds_total": 5791.593364238739,
    "n_params": 989697,
    "best_ckpt_path": "/srv/projects/Proyecto_e_ladino/runs/mlp_optuna/elpaso_H18_L24_P16_seed42_20260520_085142/best_model.pt",
    "final_val": {
      "n": 16974,
      "rmse": 248.40866626714865,
      "mae": 177.1725157109253,
      "n_day": 8433,
      "rmse_day": 278.54176792418934,
      "mae_day": 232.16594205060406,
      "day_threshold": 20.0,
      "skill_vs_persistence": 0.24375729053008444,
      "skill_day_vs_persistence": 0.35317729956620025
    },
    "final_test": {
      "n": 17429,
      "rmse": 269.3820221524278,
      "mae": 200.1697470463453,
      "n_day": 8861,
      "rmse_day": 273.604333209496,
      "mae_day": 233.41520066170347,
      "day_threshold": 20.0,
      "skill_vs_persistence": 0.1480729813996926,
      "skill_day_vs_persistence": 0.3343268915649039
    }
  }
}