{
  "run_name": "uniandes_H6_L24_P16_seed7_20260516_111640",
  "study_name": "mlp_uniandes_P16",
  "site": "uniandes",
  "device": "cuda",
  "seed": 7,
  "debug": false,
  "day_threshold": 20.0,
  "data_paths": {
    "site_dir": "/srv/projects/Proyecto_e_ladino/data/datasets/manifest_v1/uniandes/h1",
    "patches_root": "/srv/projects/Proyecto_e_ladino/data/patches_v1/uniandes/P16",
    "ground_path": "/srv/projects/Proyecto_e_ladino/data/ground_aligned/ground_10min_utc_uniandes.parquet",
    "run_dir": "/srv/projects/Proyecto_e_ladino/runs/mlp_optuna/uniandes_H6_L24_P16_seed7_20260516_111640"
  },
  "temporal": {
    "freq_min": 10,
    "history_steps_L": 24,
    "horizon_steps_H": 6,
    "history_hours": 4.0,
    "horizon_hours": 1.0
  },
  "spatial": {
    "grid_size": 256,
    "patch": 16,
    "channels": 16,
    "mlp_input_dim": 384,
    "note": "spatial avg-pool over P\u00d7P before MLP; no spatial structure exploited"
  },
  "target_norm": {
    "y_mean_train": 175.7477949503099,
    "y_std_train": 280.2327654100579,
    "y_percentiles_train": [
      0.0,
      1.198,
      614.6748000000006,
      847.1319999999984,
      1089.9805399999989
    ]
  },
  "baselines": {
    "persistence_train": {
      "n": 54530,
      "rmse": 186.8767751992772,
      "mae": 96.77239943150559,
      "n_day": 24695,
      "rmse_day": 274.0422963905876,
      "mae_day": 202.98731447661473,
      "day_threshold": 20.0
    },
    "persistence_val": {
      "n": 12436,
      "rmse": 186.78888879318058,
      "mae": 93.81208748793826,
      "n_day": 5322,
      "rmse_day": 282.470628754978,
      "mae_day": 208.5904742577978,
      "day_threshold": 20.0
    },
    "persistence_test": {
      "n": 12105,
      "rmse": 198.87371393559732,
      "mae": 98.8389893432466,
      "n_day": 5385,
      "rmse_day": 293.87888224007196,
      "mae_day": 210.81610547818016,
      "day_threshold": 20.0
    }
  },
  "optuna": {
    "n_trials": 50,
    "best_trial_number": 30,
    "best_value_val_rmse_day": 248.99079427718775,
    "best_params": {
      "n_layers": 4,
      "hidden_dim": 512,
      "dropout": 0.2,
      "lr": 0.00012068828169465314,
      "weight_decay": 0.0004328898209791379,
      "batch_size": 16
    }
  },
  "best_model": {
    "arch": "FlatMLP",
    "best_epoch": 11,
    "train_seconds_total": 4016.2238953113556,
    "n_params": 989697,
    "best_ckpt_path": "/srv/projects/Proyecto_e_ladino/runs/mlp_optuna/uniandes_H6_L24_P16_seed7_20260516_111640/best_model.pt",
    "final_val": {
      "n": 12407,
      "rmse": 183.53473506245103,
      "mae": 124.44023565417035,
      "n_day": 5304,
      "rmse_day": 263.47982348201424,
      "mae_day": 212.1266909537452,
      "day_threshold": 20.0,
      "skill_vs_persistence": 0.017421559450110702,
      "skill_day_vs_persistence": 0.06723107941051742
    },
    "final_test": {
      "n": 12075,
      "rmse": 193.3289876806722,
      "mae": 131.32074513563705,
      "n_day": 5363,
      "rmse_day": 278.2490941015282,
      "mae_day": 227.01124988152603,
      "day_threshold": 20.0,
      "skill_vs_persistence": 0.027880639151344422,
      "skill_day_vs_persistence": 0.05318445483189438
    }
  }
}