{
  "run_name": "elpaso_H18_L24_P16_seed13_20260502_055051",
  "study_name": "graphsage_lstm_elpaso_P16",
  "site": "elpaso",
  "device": "cuda",
  "seed": 13,
  "debug": false,
  "day_threshold": 20.0,
  "data_paths": {
    "site_dir": "/srv/projects/Proyecto_e_ladino/data/datasets/manifest_v1/elpaso/h3",
    "patches_root": "/srv/projects/Proyecto_e_ladino/data/patches_v1/elpaso/P16",
    "ground_path": "/srv/projects/Proyecto_e_ladino/data/ground_aligned/ground_10min_utc_elpaso.parquet",
    "run_dir": "/srv/projects/Proyecto_e_ladino/runs/graphsage_lstm_optuna/elpaso_H18_L24_P16_seed13_20260502_055051"
  },
  "temporal": {
    "freq_min": 10,
    "history_steps_L": 24,
    "horizon_steps_H": 18,
    "history_hours": 4.0,
    "horizon_hours": 3.0
  },
  "spatial": {
    "grid_size": 256,
    "patch": 16,
    "site_center_rc": {
      "row": 91,
      "col": 53
    },
    "n_nodes": 256,
    "n_edges": 1860,
    "channels": 16
  },
  "target_norm": {
    "y_mean_train": 257.92697964785924,
    "y_std_train": 333.79023189628583,
    "y_percentiles_train": [
      0.0,
      46.8406,
      830.73338,
      940.32124,
      1060.9813360000005
    ]
  },
  "baselines": {
    "persistence_train": {
      "n": 67757,
      "rmse": 309.1336034108842,
      "mae": 195.06606843573357,
      "n_day": 37140,
      "rmse_day": 386.88765276155976,
      "mae_day": 299.70014026117394,
      "day_threshold": 20.0
    },
    "persistence_val": {
      "n": 16980,
      "rmse": 328.47743608830115,
      "mae": 215.02438442285043,
      "n_day": 8438,
      "rmse_day": 430.63078605216106,
      "mae_day": 361.2121933278028,
      "day_threshold": 20.0
    },
    "persistence_test": {
      "n": 17447,
      "rmse": 316.2031679603426,
      "mae": 209.22957659196422,
      "n_day": 8861,
      "rmse_day": 411.01905686516415,
      "mae_day": 344.8571918970771,
      "day_threshold": 20.0
    }
  },
  "optuna": {
    "n_trials": 20,
    "best_trial_number": 18,
    "best_value_val_rmse_day": 260.7746328369555,
    "best_params": {
      "hidden_g": 64,
      "n_sage_layers": 2,
      "hidden_t": 96,
      "n_lstm_layers": 2,
      "input_bn": true,
      "concat_agg": true,
      "dropout_head": 0.0,
      "lr": 0.0001001667219574416,
      "weight_decay": 7.281280791312994e-06,
      "batch_size": 32
    }
  },
  "best_model": {
    "arch": "GraphSAGE_LSTM (improved)",
    "best_epoch": 14,
    "train_seconds_total": 8197.630956172943,
    "n_params": 156641,
    "best_ckpt_path": "/srv/projects/Proyecto_e_ladino/runs/graphsage_lstm_optuna/elpaso_H18_L24_P16_seed13_20260502_055051/best_model.pt",
    "final_val": {
      "n": 16974,
      "rmse": 211.48989315347126,
      "mae": 144.68836519329656,
      "n_day": 8433,
      "rmse_day": 264.4968456521833,
      "mae_day": 213.1036666658416,
      "day_threshold": 20.0,
      "skill_vs_persistence": 0.35615092570127715,
      "skill_day_vs_persistence": 0.38579206545594036
    },
    "final_test": {
      "n": 17429,
      "rmse": 187.749571599106,
      "mae": 125.897621302304,
      "n_day": 8861,
      "rmse_day": 237.28607414064803,
      "mae_day": 187.86858533147415,
      "day_threshold": 20.0,
      "skill_vs_persistence": 0.4062375376876286,
      "skill_day_vs_persistence": 0.42268838834280686
    }
  }
}